:START_ID,:END_ID,:TYPE
e1905,e738,出现
e1134,e1023,是
e209,e502,集中在
e209,e1914,搜救
e1394,e2140,发生
e294,e1023,造成
e1478,e1632,发生
e31,e1634,强调
e1040,e1260,发生
e2223,e1901,出现
e1879,e1466,拉响
e2268,e1901,发生
e1338,e1901,发生
e1075,e499,介绍
e2306,e926,组织
e970,e499,冒
e294,e1799,致
e209,e537,调拨
e348,e537,参与
e1901,e185,致
e2306,e1914,组织
e2223,e1901,普降大到
e364,e1901,润别立
e188,e2175,反映
e592,e343,参与
e921,e933,获悉
e2306,e445,采取
e2103,e1453,选调
e1047,e412,组织
e2306,e375,加大
e294,e2335,导致
e2092,e1526,采取
e2223,e1215,出现
e1748,e185,导致
e921,e590,获悉
e508,e1906,率领
e1914,e1673,冲进
e1901,e156,致
e2351,e715,出现
e921,e773,了解到
e167,e1901,发生
e2103,e1880,预计
e1715,e2182,冲进
e592,e1120,进行
e599,e1431,位于
e546,e1357,调拨
e1552,e47,超过
e2306,e1901,预计
e1939,e2381,到
e1902,e156,致
e1939,e1896,有
e546,e2357,执行
e1610,e2016,发生
e1495,e1103,做客
e2223,e1901,发生
e625,e1261,参与
e167,e1215,有
e1552,e1723,位于
e964,e2368,造成
e921,e1348,获悉
e921,e1963,获悉
e921,e2171,了解到
e67,e1901,发生
e78,e2082,执行
e1017,e1173,表示
e167,e1215,出现
e921,e1491,了解到
e1748,e537,调拨
e2090,e989,了解
e736,e1314,出现
e921,e1600,获悉
e1826,e161,有
e2223,e1901,出现
e827,e369,至
e2306,e181,选调
e1368,e1990,加大
e636,e911,称
e665,e783,有
e888,e1789,介绍
e1849,e914,造成
e546,e619,冲进
e1939,e2259,开展
e1641,e1114,称
e1901,e1901,到
e1134,e1123,超过
e1760,e738,发生
e257,e738,出现
e1286,e47,得到
e1018,e467,达到
e2306,e203,配合
e2270,e2271,导致
e2223,e1215,出现
e964,e1074,发生
e1552,e1723,在
e843,e499,发生
e209,e750,813
e1879,e823,进行
e1237,e138,包括
e1914,e1914,位于
e1877,e2049,主持
e921,e2330,了解
e1892,e564,位于
e644,e2163,遭到
e1641,e1466,执行
e1901,e750,造成
e1914,e203,加大
e1570,e2352,是
e1764,e268,显示
e964,e1866,发生
e337,e1901,导致
e1432,e2163,受到
e1879,e738,出现
e740,e1725,预计
e921,e1033,获悉
e2106,e499,针对
e1303,e838,出现
e1715,e1850,超过
e736,e948,集中在
e1914,e271,冲进
e2223,e2016,有
e1901,e747,致
e2223,e1311,位于
e2073,e1996,冲进
e315,e1901,发生
e617,e948,出现
e1337,e358,出现
e2306,e1378,介绍
e242,e432,致
e1349,e47,得到
e1748,e2163,发生
e2324,e47,是
e1502,e1005,赴
e1901,e1987,破坏
e1657,e1201,包括
e736,e743,执行
e2066,e2140,出现
e1901,e1088,带来
e768,e1901,发生
e87,e1901,导致
e1134,e1814,破坏
e822,e785,致
e738,e948,做客
e2106,e499,发生
e1338,e1901,发生
e1984,e154,在
e1901,e2176,导致
e1879,e1901,发生
e1605,e106,受
e2306,e1526,采取
e741,e1102,导致
e1542,e1901,发生
e2363,e101,冲进
e665,e300,获悉
e2106,e1139,执行
e1610,e585,发生
e383,e1350,发生
e2223,e1350,出现
e2034,e59,介绍
e736,e660,中
e1901,e1417,造成
e257,e1215,出现
e674,e551,位于
e655,e869,发生
e1315,e823,参与
e1502,e1632,赴
e736,e473,面临
e1542,e2163,造成
e190,e934,受
e1879,e1215,出现
e256,e1901,发生
e389,e2340,需
e921,e590,获悉
e2106,e1583,获悉
e202,e738,出现
e738,e1292,导致
e740,e1873,预计
e336,e1350,导致
e921,e635,获悉
e710,e1901,发生
e337,e462,造成
e1019,e1350,发生
e1748,e743,执行
e634,e1822,造成
e653,e1350,导致
e1289,e2071,为
e2306,e462,关注
e2223,e1215,预计
e108,e571,表示
e1796,e358,发生
e242,e1901,发生
e301,e1901,出现
e2106,e2346,执行
e1100,e724,位于
e1264,e1146,预计
e620,e185,执行
e1512,e1901,发生
e1049,e1901,冲进
e2236,e1906,开展
e1488,e218,参与
e1939,e2071,发生
e1461,e1107,包括
e1901,e1350,造成
e1447,e499,出现
e1999,e959,位于
e583,e1901,发生
e352,e1600,于
e1030,e2217,执行
e301,e1215,配合
e274,e1382,位于
e1901,e1350,造成
e843,e1901,导致
e921,e1901,冲进
e1856,e1899,超过
e1030,e2259,参与
e2161,e2205,赴
e1760,e1901,发生
e2068,e1176,称
e301,e1901,发生
e2223,e660,有
e1901,e1201,集中在
e1221,e1006,超过
e1966,e1261,亮说
e1939,e1314,有
e1000,e537,调拨
e1879,e2163,预计
e736,e738,出现
e1060,e298,超过
e2090,e537,执行
e1856,e1350,超过
e736,e738,带来
e2103,e1753,称
e1773,e959,距离
e2306,e1901,预计
e2073,e2167,决定
e921,e541,获悉
e1708,e585,超过
e2065,e1901,发生
e1748,e41,发生
e1100,e2259,开展
e984,e1928,驻守
e1641,e2207,部署
e625,e585,有
e539,e619,带来
e1901,e2097,造成
e1100,e203,执行
e2310,e1066,在
e2184,e1901,出现
e510,e1274,导致
e568,e743,提升至
e2154,e1901,发生
e1939,e2128,降
e496,e251,点
e1585,e1111,获悉
e377,e298,加大
e890,e1901,造成
e28,e1901,发生
e2018,e1635,正在
e1879,e1901,发生
e1289,e2082,执行
e736,e1350,预计
e195,e1710,赴
e2223,e738,出现
e196,e1553,要求
e2363,e1635,执行
e74,e1901,发生
e1715,e1901,导致
e2223,e462,关注
e1610,e1314,出现
e921,e1323,获悉
e1851,e971,进行
e921,e224,报道
e2078,e2369,造成
e1661,e983,加大
e994,e219,拉响
e694,e1167,举行
e1879,e253,出现
e1863,e405,调拨
e972,e1630,注意
e1077,e1507,显示
e496,e1274,拉响
e1901,e1822,导致
e2223,e1350,有
e1939,e1901,发生
e1879,e2071,带来
e1369,e1043,冲进
e1901,e1350,造成
e1772,e1385,造成
e2130,e931,被砸在
e1100,e2217,率领
e1901,e2163,造成
e1293,e1901,发生
e274,e1382,在
e722,e959,赴
e921,e590,获悉
e2306,e1427,率领
e1686,e738,面临
e2106,e743,执行
e1883,e109,加强
e496,e225,为
e618,e1321,落实
e2223,e1215,有
e1589,e47,超过
e1939,e1901,发生
e1219,e1129,加强
e503,e1524,报道
e2306,e2210,恢复
e736,e2033,发生
e1748,e1906,落实
e1020,e959,赴
e2106,e185,执行
e2018,e2014,偏
e1901,e1056,造成
e1879,e1901,发生
e1502,e959,赴
e1681,e1350,面临
e2223,e1901,发生
e1901,e1066,在
e52,e2128,发生
e1879,e738,发生
e301,e1215,有
e617,e738,发生
e888,e1979,得到
e1854,e940,显示
e301,e2035,出现
e490,e888,发生
e2270,e1901,导致
e2223,e1901,出现
e546,e2082,执行
e618,e1202,摆
e1077,e258,称
e1901,e2368,造成
e2223,e1215,出现
e1048,e1072,具有
e1516,e2132,在
e257,e738,出现
e297,e1066,在
e1869,e738,出现
e118,e585,有
e275,e2128,发生
e2306,e1880,预计
e1717,e948,超过
e1077,e989,造成
e617,e1901,发生
e1901,e2369,造成
e945,e499,超过
e2106,e2027,执行
e2306,e888,发生
e994,e684,表示
e250,e1901,出现
e1400,e738,出现
e608,e1479,搜救
e2103,e196,发生
e242,e1466,执行
e750,e1350,416
e250,e1901,出现
e250,e1774,不排除
e679,e1901,发生
e1077,e1184,表明
e290,e738,出现
e1675,e1901,出现
e921,e1633,看到
e1879,e1314,出现
e921,e541,落实
e921,e210,获悉
e954,e869,发生
e583,e1901,发生
e2223,e1350,出现
e1076,e1298,介绍
e738,e1901,造成
e332,e1800,预计
e1605,e2134,称
e1879,e1215,出现
e945,e2127,为
e463,e1901,发生
e250,e1901,有
e1116,e1158,导致
e827,e2016,出现
e2223,e1524,配合
e1901,e1350,造成
e1775,e492,发生
e2223,e1350,降
e67,e738,带来
e1100,e479,距离
e1100,e537,参与
e2170,e1067,暂无
e1665,e1901,获悉
e1901,e872,造成
e1065,e959,淹没在
e2306,e1376,加大
e1836,e384,带
e1048,e1357,调拨
e280,e2163,出现
e2299,e1723,降
e1748,e1357,深入
e2306,e271,赴
e223,e614,有
e157,e2081,导致
e704,e1906,第一时间率
e736,e1061,防指
e2106,e1107,发生
e1901,e50,造成
e921,e278,获悉
e274,e145,存在
e1901,e2140,造成
e1610,e1901,驻守
e1069,e869,出现
e562,e1901,发生
e562,e1350,发生
e1229,e295,开始
e242,e888,发生
e921,e1087,获悉
e1134,e1321,追究
e1879,e738,发生
e297,e1066,正在
e736,e738,发生
e1250,e1901,造成
e1552,e916,驻守
e749,e923,显示
e1400,e1901,发生
e157,e2224,发生
e1100,e391,调拨
e542,e738,带来
e1691,e615,调拨
e274,e20,面临
e1529,e1901,发生
e2223,e253,发生
e396,e2259,落实
e1999,e2127,为
e1901,e1316,造成
e460,e1901,发生
e2223,e738,出现
e209,e631,有
e1028,e654,称
e2135,e1901,发生
e1134,e2259,拉响
e257,e1350,出现
e421,e342,组成
e301,e1350,有
e613,e2069,导致
e2223,e1901,发生
e1289,e738,发生
e655,e869,有
e750,e1803,受到
e2348,e1901,发生
e496,e585,达到
e620,e1139,执行
e559,e959,超过
e2306,e1632,加强
e477,e1635,在
e873,e1006,超过
e1428,e596,冲进
e1714,e218,执行
e1943,e1891,夺
e1542,e1901,有
e812,e1900,取得
e1715,e1350,导致
e1641,e1632,关注
e680,e541,显示
e2172,e1127,参与
e250,e1901,降
e2103,e1370,要求
e1691,e419,组织
e212,e2016,发生
e294,e1350,导致
e1939,e537,调拨
e921,e770,获悉
e1020,e1350,主持
e736,e1901,出现
e1932,e1632,追究
e1859,e1901,发生
e2106,e2027,执行
e625,e2217,开展
e501,e1901,导致
e824,e47,有
e987,e2075,在
e736,e1314,带来
e1100,e2286,导致
e954,e388,举行
e1901,e1803,造成
e1605,e770,受
e2270,e1901,导致
e1914,e47,均有
e738,e2271,导致
e1939,e446,已知
e578,e2134,显示
e1100,e390,赴
e964,e1600,导致
e1901,e1806,造成
e301,e1901,发生
e736,e635,要求
e2177,e413,称
e1856,e585,破坏
e655,e2163,受到
e1603,e2163,造成
e1807,e1901,是
e1999,e2035,为
e1772,e1846,导致
e1497,e1901,发生
e964,e828,造成
e1879,e1524,发生
e661,e1901,发生
e1901,e300,显示
e2106,e185,执行
e2306,e203,继续
e294,e141,集中在
e888,e2014,称
e1748,e1901,关注
e921,e785,获悉
e1641,e1632,介绍
e1879,e90,处在
e301,e536,出现
e167,e536,有
e608,e271,赴
e815,e738,出现
e301,e1901,发生
e496,e2125,为
e1134,e2208,超过
e250,e1466,维持
e84,e1524,受
e274,e926,正在
e1605,e1149,受
e1938,e1635,在
e683,e738,出现
e301,e1901,发生
e679,e738,出现
e827,e2361,发生
e921,e911,获悉
e2084,e1901,赴
e921,e1910,看到
e98,e1256,出现
e994,e499,恢复
e321,e2163,受
e704,e1120,执行
e85,e1901,防指
e736,e230,执行
e1879,e738,面临
e1304,e2168,要求
e559,e492,发生
e2266,e1215,发生
e2223,e1632,夺
e592,e388,举行
e1582,e1949,为
e921,e2087,获悉
e1582,e738,出现
e2223,e1279,发生
e2106,e1466,执行
e28,e1901,发生
e2363,e971,得到
e1100,e1901,淌
e1363,e1799,清醒
e1497,e1080,出现
e2306,e2092,位于
e242,e1809,出现
e740,e219,相继发布
e301,e199,有
e625,e623,也是
e294,e359,近
e921,e915,了解到
e1901,e948,拉响
e1048,e633,冲进
e921,e1169,进入
e763,e143,舒
e290,e738,称
e196,e446,称
e1558,e1901,发生
e301,e869,出现
e2106,e1188,提升至
e1999,e244,集中在
e1995,e1901,赴
e1260,e1391,导致
e2041,e2369,发生
e1982,e1499,率领
e992,e1169,建
e1351,e2045,要求
e196,e1901,发生
e1582,e1901,发生
e1879,e869,发生
e1939,e1901,执行
e188,e2016,发生
e1901,e196,造成
e1943,e1914,致
e1304,e1466,执行
e1020,e1382,正在
e742,e959,做客
e1767,e1901,发生
e636,e309,显示
e884,e1294,出现
e1984,e1983,称
e843,e738,出现
e1502,e390,赴
e1901,e537,致
e294,e1901,造成
e680,e2134,显示
e2223,e1524,配合
e1244,e727,召开
e1879,e166,环山
e1134,e1823,超过
e1879,e1901,发生
e1400,e1350,发生
e921,e1271,了解到
e2223,e511,进入
e921,e1636,了解到
e2347,e1350,普降大到
e2290,e8,导致
e2023,e1901,发生
e1901,e1277,造成
e274,e1382,在
e250,e1901,发生
e209,e1201,包括
e1100,e203,参与
e250,e1901,发生
e921,e326,获悉
e1902,e1350,导致
e1914,e2272,赴
e439,e875,调拨
e1092,e2346,执行
e921,e271,冲进
e618,e738,落实
e738,e131,包括
e163,e452,得到
e1410,e1468,发生
e221,e2160,位于
e921,e766,了解到
e2106,e743,执行
e287,e1901,发生
e2223,e1901,发生
e1879,e1901,发生
e2223,e6,受
e1901,e989,取得
e921,e2134,了解到
e188,e1933,提
e1901,e802,造成
e1324,e1972,有
e2223,e1901,出现
e2103,e345,发生
e1901,e1201,分布在
e1365,e57,发生
e1324,e2044,是
e921,e1583,获悉
e1691,e2027,执行
e1901,e697,造成
e1901,e971,致
e1879,e888,漫
e1999,e1350,造成
e1901,e1977,需
e196,e681,称
e689,e295,致
e30,e1364,也是
e1082,e2361,超过
e709,e1523,调拨
e2306,e1215,预计
e1901,e888,冲进
e1748,e185,执行
e294,e1107,导致
e1,e2027,执行
e1585,e2259,冲进
e1748,e500,部下发
e294,e1350,造成
e1138,e2000,正值
e921,e2165,获悉
e1869,e1314,出现
e1955,e1901,发生
e921,e1538,了解到
e1901,e75,致
e1582,e536,有
e1390,e1806,造成
e250,e1901,发生
e294,e1350,造成
e1769,e2140,发生
e87,e1901,导致
e2246,e1215,显示
e1492,e296,发生
e363,e1901,发生
e1936,e185,执行
e1901,e2224,造成
e294,e1901,到
e2181,e1642,送
e1193,e888,预计
e1939,e196,部下发
e1100,e203,率领
e921,e590,获悉
e1582,e536,到
e195,e1632,追究
e1912,e203,导致
e2236,e2167,帮助
e332,e1800,召开
e11,e489,深入
e2218,e1489,显示
e970,e1039,是
e2223,e1215,出现
e1879,e1215,出现
e2306,e1382,组织
e1077,e1033,显示
e1657,e2082,调拨
e250,e738,出现
e1552,e574,进入
e1732,e300,也是
e2375,e2194,正是
e2374,e738,称
e2041,e2369,发生
e1016,e454,开始
e930,e271,赴
e294,e2271,导致
e1748,e44,称
e1939,e2361,有
e818,e1215,出现
e2363,e2283,需
e1901,e2075,位于
e921,e44,了解到
e2223,e1901,出现
e420,e738,发生
e301,e2071,有
e1879,e2082,调拨
e209,e1525,超过
e921,e211,了解到
e608,e2259,做客
e422,e1901,赴
e2306,e1466,执行
e921,e1274,获悉
e1879,e738,出现
e672,e1845,显示
e972,e2008,破坏
e1605,e6,受
e1748,e1072,组成
e2227,e1632,夺
e1020,e1554,遇到
e827,e1957,暂无
e1100,e333,受
e301,e1901,发生
e921,e210,获悉
e1936,e743,执行
e1939,e2082,执行
e967,e1260,发生
e1951,e1376,看到
e481,e102,托别
e1748,e1907,提
e1542,e1313,致
e1901,e1679,导致
e1748,e1632,加强
e1100,e203,显示
e297,e2075,在
e582,e1372,均有
e301,e1901,有
e1621,e196,执行
e1879,e743,执行
e562,e1809,出现
e1796,e2016,出现
e1901,e185,执行
e1352,e1822,造成
e1562,e507,主持
e921,e1919,了解到
e276,e1288,需要
e648,e1215,出现
e2329,e1645,到
e736,e1725,暂无
e622,e2163,点
e1485,e2180,是
e1914,e2075,待
e2223,e2087,受
e570,e2140,发生
e1283,e1871,加大
e587,e690,得到
e1939,e1466,执行
e1879,e1901,发生
e2223,e1901,导致
e689,e2071,为
e740,e770,预计
e830,e1350,发生
e1756,e1901,发生
e921,e44,了解到
e294,e1377,集中在
e736,e651,落实
e740,e899,预计
e2122,e1385,遭到
e301,e841,有
e1879,e1479,建
e2227,e835,致
e1829,e1595,称
e1542,e1901,发生
e407,e832,为
e1901,e1901,发生
e2170,e1524,发生
e921,e1322,了解到
e740,e2307,预计
e921,e1614,赴
e722,e502,赴
e420,e743,执行
e301,e1215,发生
e1182,e580,是
e703,e1901,发生
e539,e1977,带来
e738,e1901,预计
e921,e1463,了解到
e1901,e1901,造成
e1748,e649,率领
e1232,e265,受
e209,e2092,赴
e1748,e1239,配合
e1999,e1901,导致
e1748,e619,调拨
e1901,e1063,导致
e1219,e619,预计
e301,e1901,发生
e11,e390,赴
e1901,e1316,致
e930,e1853,搜救
e170,e1205,称
e1894,e2082,加强
e921,e590,了解到
e195,e505,表示
e85,e1442,保障
e1905,e1901,发生
e598,e27,石大仓乡关
e2223,e1901,发生
e921,e2153,了解到
e78,e375,开始
e1879,e1215,预计
e1412,e1642,率领
e257,e738,出现
e1100,e2286,驾驶
e546,e2259,恢复
e457,e1561,显示
e2197,e2383,表示
e1164,e898,执行
e951,e2254,赴
e559,e1647,引起
e1901,e1720,致
e1748,e1642,调拨
e1748,e619,加强
e917,e2369,造成
e294,e2128,导致
e1585,e2082,执行
e496,e1848,为
e1718,e1678,淌
e1244,e727,召开
e913,e1901,出现
e1901,e1350,造成
e1101,e914,恢复
e1901,e750,超过
e2223,e738,出现
e730,e218,执行
e1637,e1350,出现到
e1994,e29,称
e1196,e1985,超过
e2106,e185,执行
e2098,e727,召开
e1170,e1723,远低于
e1939,e2087,受
e508,e2259,深入
e1901,e828,致
e608,e1632,立足于
e1681,e1350,降
e1304,e2252,强调
e217,e1496,成为
e1869,e738,发生
e2306,e1331,预计
e1901,e1684,致
e337,e989,带来
e2270,e1901,导致
e1851,e727,就是
e1400,e148,到
e736,e145,发生
e1939,e1350,正值
e1995,e537,调拨
e1134,e2075,正在
e702,e738,发生
e1585,e616,介绍
e294,e1350,导致
e301,e1901,发生
e1549,e738,出现
e1174,e1901,发生
e921,e279,获悉
e457,e2183,介绍
e1542,e1524,发生
e1631,e1901,出现
e921,e437,了解到
e740,e2075,正在
e2129,e1901,超过
e818,e738,出现
e2363,e792,带来
e740,e414,预计
e853,e2069,建
e979,e1260,发生
e1901,e888,过
e1945,e2271,导致
e348,e1901,深入
e1708,e112,发生
e578,e2134,显示
e2106,e1188,提升至
e1901,e1169,集中在
e1206,e329,出现
e464,e1737,导致
e363,e1323,遭到
e195,e2259,赴
e761,e849,冲进
e736,e253,出现
e1675,e975,显示
e88,e1942,到
e2223,e536,到
e562,e1901,发生
e1901,e1277,导致
e740,e859,预计
e738,e1901,导致
e1020,e912,面临
e1879,e1901,发生
e598,e271,赴
e1502,e1231,赴
e2223,e273,至
e1300,e660,有
e562,e738,发生
e1869,e2027,执行
e987,e295,显示
e2106,e185,执行
e1851,e1357,调拨
e1315,e2049,主持
e229,e1799,造成
e1691,e1257,位于
e843,e2271,预计
e680,e866,显示
e40,e1977,选调
e518,e1424,进入
e1605,e915,称
e704,e2259,加强
e921,e66,获悉
e1529,e196,实现
e274,e1554,面临
e695,e314,导致
e820,e1350,降
e1053,e2280,是
e1999,e668,为
e921,e770,获悉
e496,e1901,导致
e1100,e959,赴
e1591,e1162,受
e1901,e300,显示
e13,e1901,发生
e2324,e781,为
e790,e537,冲进
e921,e770,了解到
e1901,e2238,恢复
e1859,e660,为主
e921,e1044,看到
e1748,e185,执行
e1747,e922,至
e1876,e1385,出现
e1502,e2308,加强
e1060,e2017,偏
e2140,e1124,导致
e1542,e869,发生
e2056,e253,出现
e1020,e1632,带来
e736,e738,出现
e1665,e218,部下发
e1936,e743,执行
e921,e2196,获悉
e301,e738,带来
e1901,e2385,防指
e1100,e203,调拨
e2214,e2035,显示
e2223,e452,出现
e242,e273,偏
e736,e2331,组织
e195,e271,赴
e2306,e2082,执行
e1363,e1901,防指
e868,e869,发生
e301,e1901,发生
e301,e536,有
e2098,e1466,决定于
e893,e119,导致
e945,e2058,为
e1901,e1822,造成
e1093,e2286,有
e608,e2053,摆
e1637,e738,出现
e2223,e1901,发生
e1826,e2376,受
e363,e1901,发生
e1748,e743,执行
e2306,e185,执行
e1122,e1977,冲进
e2181,e1901,赴
e1901,e2271,导致
e1002,e97,有
e1914,e971,实现
e1325,e1317,显示
e1610,e295,出现
e1387,e2276,为
e1901,e2385,防指
e1901,e97,导致
e1901,e914,导致
e1591,e914,恢复
e2351,e581,出现
e2306,e771,表示
e1879,e1901,陷
e1017,e630,是
e1939,e1956,执行
e2173,e952,调拨
e1851,e1901,赴
e1542,e1901,发生
e902,e509,执行
e665,e2038,有
e2306,e926,组织
e294,e959,袭
e1786,e1960,注意
e337,e2016,导致
e1901,e17,导致
e1077,e326,显示
e519,e1537,执行
e1901,e403,导致
e881,e2163,造成
e1939,e1215,出现
e1879,e738,有
e921,e2010,了解到
e2356,e489,点
e909,e26,率领
e2306,e2259,落实
e1516,e1215,超过
e126,e218,执行
e1901,e2016,造成
e921,e2134,获悉
e2015,e869,发生
e683,e1901,导致
e1901,e10,造成
e1549,e2259,准备
e729,e2000,恢复
e1115,e664,袭
e363,e1901,导致
e1748,e2082,调拨
e736,e2092,位于
e1999,e821,于
e167,e1385,发生
e736,e1858,陷
e559,e97,致
e1017,e1333,称
e638,e1901,有
e921,e1274,获悉
e1724,e858,呈
e625,e1215,还有
e2234,e112,发生
e1859,e1719,位于
e679,e738,有
e1269,e1215,加大
e337,e1514,导致
e363,e1901,发生
e1398,e537,配合
e1054,e1901,赴
e1856,e1178,出现到
e1051,e1354,保障
e736,e2128,有
e42,e720,显示
e1693,e2071,发生
e1748,e1107,组织
e1641,e1526,部署
e1135,e219,部下发
e1130,e434,表示
e534,e1393,显示
e1901,e462,造成
e1901,e1208,造成
e1879,e219,部下发
e82,e1901,发生
e1879,e869,发生
e921,e368,获悉
e294,e1350,导致
e683,e47,得到
e1901,e1268,造成
e301,e1350,出现
e1879,e536,降
e1289,e2035,出现
e389,e1977,需
e994,e219,部下发
e287,e1901,发生
e1493,e849,犹如
e1901,e849,冲进
e736,e1350,有
e1054,e2118,位于
e286,e2361,出现
e2363,e1960,有
e667,e1901,发生
e1457,e1124,出现
e726,e499,配合
e1041,e1901,发生
e280,e512,矗立在
e280,e2087,发生
e2056,e1524,发生
e2223,e499,达到
e250,e1901,出现
e2223,e454,配合
e2181,e9,加大
e337,e1612,导致
e834,e1469,出现
e1743,e888,来自
e1748,e9,采取
e1901,e914,造成
e1901,e1577,集中在
e301,e914,恢复
e2135,e2273,建
e1865,e652,冲进
e1549,e1350,均有
e2106,e185,执行
e2264,e45,形成
e921,e590,获悉
e1363,e2273,建
e604,e1525,超过
e921,e373,获悉
e1641,e1188,提升至
e130,e2273,造成
e465,e1901,发生
e1180,e1907,参与
e1748,e1466,执行
e1901,e148,导致
e1549,e2087,发生
e306,e1901,受
e909,e1217,冲进
e1856,e21,为
e301,e1350,出现
e1901,e1350,致
e945,e1791,为
e956,e1524,导致
e383,e2082,执行
e987,e1635,正在
e1100,e2286,执行
e843,e1524,发生
e1901,e316,造成
e921,e2134,获悉
e921,e797,获悉
e1260,e2273,冲进
e1582,e738,出现
e2223,e1901,出现
e1356,e1901,发生
e1552,e47,超过
e1748,e974,执行
e542,e841,有
e2223,e2071,有
e1894,e560,参与
e539,e2027,执行
e1084,e1901,发生
e1000,e1906,调拨
e2218,e571,表示
e1400,e1901,发生
e2223,e536,有
e2068,e1176,显示
e2223,e1524,发生
e662,e41,部下发
e1100,e473,恢复
e1134,e744,过
e1999,e187,导致
e1879,e1133,执行
e1512,e2128,发生
e818,e1215,出现
e689,e333,能得到
e290,e1350,发生
e816,e585,有
e1939,e1526,落实
e301,e2016,发生
e1065,e537,赴
e250,e1901,出现
e1077,e1600,显示
e1637,e1350,有
e1400,e1215,为
e331,e2226,是
e126,e88,要求
e752,e738,发生
e1228,e2069,拉响
e1901,e1833,致
e1641,e1168,组织
e1935,e1524,发生
e2223,e1314,经历
e142,e2140,发生
e1779,e1569,具有
e167,e1350,有
e587,e1262,暂无
e1610,e2016,出现
e921,e778,获悉
e888,e1613,称
e562,e738,出现
e453,e271,赴
e1100,e649,正用
e1657,e1376,落实
e791,e1524,受
e1058,e2071,到
e1879,e1350,暂无
e1353,e1900,取得
e2106,e185,执行
e2018,e738,有
e1478,e523,导致
e1879,e1486,发生
e1084,e1350,发生
e578,e1656,显示
e1161,e1162,发生
e1563,e2245,超过
e496,e532,为
e1591,e2016,发生
e754,e489,到
e921,e1525,获悉
e195,e1901,赴
e1637,e1901,发生
e157,e1901,发生
e1181,e502,距离
e1622,e509,执行
e1582,e1901,发生
e736,e2178,率领
e625,e1632,开展
e583,e1901,发生
e1874,e989,造成
e182,e2016,发生
e1076,e489,深入
e1557,e690,力争
e1281,e2128,发生
e1244,e1901,发生
e742,e2259,加大
e779,e2333,发生
e1549,e1215,出现
e1,e743,执行
e787,e2230,导致
e1270,e1901,深入
e921,e1666,获悉
e921,e1242,获悉
e477,e2087,受到
e1529,e2140,出现
e1116,e150,造成
e2105,e1901,发生
e1998,e2361,超过
e683,e1321,发生
e742,e1600,袭
e275,e2128,发生
e740,e1600,预计
e2223,e1215,出现
e767,e2221,代表
e2375,e2071,出现
e86,e36,位于
e736,e1215,预计
e1995,e1901,赴
e1621,e2082,执行
e1901,e959,袭
e921,e877,导致
e301,e454,发生
e1605,e2358,受
e325,e1901,发生
e1100,e203,执行
e1134,e1066,在
e130,e1256,出现
e1549,e1901,发生
e683,e738,出现
e301,e1901,均有
e804,e744,漏
e921,e2141,获悉
e2073,e344,决定
e297,e1066,位于
e280,e2069,破坏
e2164,e1901,防指
e297,e743,执行
e625,e1321,位于
e964,e1901,导致
e2106,e2027,执行
e2223,e1901,发生
e1879,e1901,发生
e1816,e619,调拨
e1859,e664,分布在
e843,e738,发生
e736,e1350,预计
e994,e1468,部下发
e1901,e185,执行
e1076,e543,要求
e604,e2321,在
e921,e1111,了解到
e1621,e1901,发生
e1621,e1901,发生
e1901,e1380,导致
e1573,e2017,陷
e1936,e185,执行
e816,e452,有
e655,e298,发生
e2325,e1215,出现
e850,e1350,普降大到
e301,e199,有
e608,e2082,执行
e1400,e1901,发生
e1862,e2016,发生
e2223,e1417,出现
e816,e1357,率领
e665,e1901,发生
e921,e2134,获悉
e1115,e1271,造成
e2172,e1907,得到
e1532,e271,淌
e1529,e1350,到
e2131,e1006,配合
e2064,e775,表示
e294,e2140,造成
e1999,e2271,导致
e921,e499,获悉
e921,e536,了解到
e1327,e1968,取得
e945,e2205,出现到
e1610,e1074,发生
e1879,e1215,发生
e1095,e1844,了解到
e930,e1635,在
e760,e1880,介绍
e930,e1642,建
e827,e1901,发生
e945,e832,有
e2316,e60,为
e1939,e1524,发生
e2306,e949,关注
e2018,e536,到
e1689,e1258,受
e921,e1392,获悉
e274,e1993,降
e965,e1901,发生
e1748,e936,称
e1851,e2259,参与
e736,e1350,发生
e2343,e263,有
e1901,e2128,导致
e921,e2087,驻守
e658,e2038,造成
e301,e1350,到
e1837,e2087,造成
e1484,e1901,出现
e1623,e2149,落实
e921,e1350,看到
e1624,e1642,暂无
e1736,e1901,发生
e1441,e1901,发生
e1748,e1954,要求
e921,e871,了解到
e1048,e2280,赴
e1992,e858,呈
e2106,e185,执行
e40,e2003,安置在
e921,e966,正在
e1913,e1120,做客
e2106,e743,执行
e1879,e1350,降
e2301,e942,发生
e1939,e1901,发生
e1641,e888,部下发
e921,e866,获悉
e2363,e2272,赴
e108,e1901,出现
e2223,e251,可达
e1937,e828,造成
e1940,e2082,执行
e1105,e373,造成
e736,e735,出现
e2181,e2346,执行
e1879,e738,还有
e2177,e1617,表示
e1542,e1901,防指
e1521,e462,出现
e716,e788,追究
e1135,e2338,预计
e2041,e1336,淹没在
e250,e738,有
e2223,e2140,为
e1623,e1215,出现
e477,e2087,受
e312,e462,出现
e297,e1066,在
e1901,e1274,致
e301,e738,出现
e1914,e147,正在
e227,e1539,导致
e1926,e462,遭到
e337,e2241,导致
e1248,e2140,发生
e1999,e1277,导致
e1856,e832,为
e1909,e219,为
e1901,e1901,导致
e729,e838,出现
e1901,e900,位于
e496,e1078,出现到
e1748,e175,组织
e1237,e698,为
e1140,e528,落实
e1400,e536,有
e1901,e97,超过
e2223,e454,出现
e921,e2177,称
e195,e1202,赴
e301,e1901,发生
e280,e1901,发生
e301,e1758,配合
e1115,e1960,导致
e1400,e1215,出现
e1387,e1723,降
e1901,e2254,造成
e1542,e1901,发生
e1901,e1013,造成
e1484,e1357,调拨
e1901,e2369,造成
e328,e554,预计
e987,e1066,正在
e736,e349,调拨
e1901,e50,造成
e994,e1468,部下发
e2240,e1901,发生
e1428,e2340,参与
e665,e2250,进入
e2073,e1198,率领
e2375,e314,均有
e1901,e187,导致
e620,e1511,落实
e2181,e1842,调拨
e2015,e1901,发生
e2122,e989,发生
e1077,e322,显示
e695,e166,发生
e1901,e1066,位于
e1901,e380,造成
e1897,e2000,显示
e22,e6,受
e1879,e1314,出现
e1908,e36,避免
e1073,e1960,发生
e1374,e585,超过
e1115,e869,造成
e559,e1815,距离
e622,e489,到
e2094,e1345,为
e1901,e1066,正在
e648,e2087,赴
e1386,e1287,表示
e994,e219,部下发
e945,e585,均有
e433,e914,发生
e167,e2140,发生
e301,e1350,有
e1724,e1006,超过
e921,e833,获悉
e1264,e961,介绍
e816,e536,到
e2076,e676,超过
e1549,e869,出现
e1530,e1350,有
e2011,e1803,发生
e1244,e2259,部署
e1662,e2017,灌
e1180,e1357,被淹
e171,e2140,出现
e750,e1901,发生
e99,e858,位于
e1132,e722,均有
e1936,e1139,执行
e1794,e1215,摄
e793,e1066,预计
e130,e2361,为
e1115,e1405,导致
e665,e1896,有
e2206,e462,发生
e1715,e2128,导致
e1115,e1201,袭
e1783,e1314,有
e816,e738,出现
e1879,e1901,发生
e1400,e1314,出现
e301,e869,出现
e2052,e512,陷
e86,e1357,受威胁
e921,e1285,了解到
e115,e797,显示
e1449,e1901,赴
e250,e738,有
e1901,e1901,导致
e1901,e609,来自
e1914,e1094,进行
e2106,e1901,针对
e576,e1112,裹
e1958,e1350,有
e1901,e2128,导致
e1901,e858,扩大
e2018,e2128,发生
e42,e1828,显示
e943,e1901,发生
e294,e1901,导致
e1576,e251,超过
e1807,e1901,超过
e2363,e1259,忙
e846,e172,按
e1641,e196,发生
e1772,e959,拉响
e544,e744,率领
e1325,e1029,称
e67,e1524,发生
e1748,e622,组成
e297,e300,有
e1879,e585,有
e740,e1960,清醒
e921,e1066,获悉
e496,e1541,为
e242,e452,有
e2103,e1284,发生
e587,e2087,受到
e1280,e185,执行
e1070,e1635,正在
e2223,e1758,配合
e74,e2082,执行
e1071,e776,是
e1879,e738,出现
e965,e1901,发生
e398,e1752,显示
e1781,e627,执行
e1762,e1839,赴
e945,e123,为
e2261,e537,哄抬
e1020,e2042,参与
e126,e390,赴
e491,e2087,受
e1641,e1426,称
e625,e2035,发生
e816,e1990,暂无
e1542,e969,袭
e1237,e2137,有
e301,e1901,发生
e1999,e874,导致
e921,e1774,获悉
e1304,e1799,强调
e217,e1169,破坏
e738,e1901,造成
e613,e660,有
e1986,e880,显示
e625,e537,开展
e294,e185,致
e294,e1350,造成
e2378,e971,缺乏
e827,e268,预计
e2223,e2284,有
e2363,e1900,失去
e1387,e1006,超过
e1879,e1107,导致
e2326,e1820,进入
e508,e218,执行
e1315,e2242,主持
e1905,e536,到
e1500,e1090,主持
e2098,e1299,进入
e818,e1314,出现
e921,e1656,获悉
e1939,e2035,发生
e993,e1482,显示
e1918,e462,防指
e209,e2092,受
e301,e1350,发生
e722,e1809,超过
e213,e1792,执行
e49,e888,带来
e1939,e1632,发生
e2073,e1090,召开
e903,e2334,出现
e620,e185,执行
e597,e738,出现
e2306,e271,赴
e1980,e971,组织
e1076,e271,赴
e1134,e2075,正在
e634,e947,达到
e1304,e440,调拨
e416,e1215,出现
e921,e2380,获悉
e1901,e1268,造成
e888,e2338,称
e559,e1806,造成
e1879,e23,防指
e921,e1111,了解到
e1940,e2320,加强
e1879,e2000,开展
e1869,e1350,可达
e1991,e1125,堆积
e816,e1298,受益于
e597,e738,出现
e695,e314,导致
e1748,e2259,召开
e749,e1632,关注
e2025,e1314,出现
e318,e1350,普降大到
e1337,e2016,出现
e2214,e1307,落实
e2306,e2082,执行
e598,e711,清醒
e1879,e1350,预计
e2106,e185,执行
e1970,e1901,发生
e1930,e1533,超过
e965,e462,发生
e740,e738,部下发
e1901,e959,拉响
e913,e1120,采取
e1901,e486,造成
e1041,e1350,降
e650,e1202,恢复
e1879,e2071,袭
e1077,e366,称
e2015,e1901,发生
e433,e865,导致
e2223,e112,发生
e921,e770,获悉
e921,e2035,了解到
e1748,e537,组织
e1516,e1901,导致
e2223,e454,配合
e1901,e1554,面临
e1992,e1754,超过
e809,e271,冲进
e2315,e1656,显示
e921,e915,获悉
e116,e1799,正经受
e1591,e2016,发生
e1639,e1901,发生
e965,e2082,追究
e2223,e1901,出现
e638,e4,要求
e1748,e2082,加强
e301,e358,出现
e655,e252,来自
e1607,e1006,超过
e963,e901,介绍
e1206,e1901,执行
e1115,e1960,导致
e2130,e1430,万人
e205,e808,造成
e1901,e1806,致
e2223,e1268,造成
e736,e1901,袭
e2056,e60,在
e1879,e185,执行
e1654,e1901,防指
e1420,e2163,有
e460,e743,执行
e736,e2000,位于
e1994,e1885,显示
e1641,e521,追究
e2223,e1350,降
e1363,e4,保障
e1119,e1619,有
e291,e642,执行
e1402,e770,冲进
e819,e1901,导致
e1901,e2045,集中在
e736,e1466,决定
e1196,e1907,得到
e2114,e437,称
e687,e1013,获悉
e1901,e1901,导致
e87,e1901,发生
e1901,e1066,正在
e2218,e1519,表示
e1549,e1901,冲进
e1228,e2273,得到
e1030,e2331,率领
e1280,e1901,执行
e893,e1837,做客
e816,e2087,供水受
e613,e1901,出现
e1936,e185,执行
e1484,e478,有
e301,e1314,出现
e1901,e298,夹杂
e1549,e412,发生
e2222,e1357,搜救
e520,e1536,显示
e294,e896,导致
e338,e493,觉得
e2106,e185,执行
e2324,e585,发生
e1901,e858,显示
e1451,e271,赴
e80,e536,出现
e753,e2140,发生
e1859,e36,组织
e1901,e502,发生
e1582,e1901,防指
e921,e361,获悉
e1999,e1600,导致
e301,e1901,发生
e2223,e2259,恢复
e294,e1350,造成
e1816,e185,执行
e1267,e509,执行
e1478,e738,称
e562,e986,落实
e1095,e738,发生
e634,e1330,发生
e1798,e93,普降大到
e1260,e1427,造成
e1826,e1469,呈
e1549,e738,出现
e38,e938,参与
e170,e1468,部下发
e1787,e1901,获悉
e1901,e914,导致
e1872,e1901,发生
e1414,e1260,发生
e1622,e1005,赴
e301,e1901,有
e2057,e1403,受
e1859,e219,部下发
e1901,e1642,淹没在
e1244,e2259,恢复
e198,e989,组织
e301,e1901,发生
e2031,e1350,降
e2270,e1350,导致
e1901,e1201,出现到
e1000,e1215,袭
e2301,e253,出现
e1558,e1803,导致
e389,e1808,需
e1915,e1755,开始
e1747,e385,出现
e1395,e1901,发生
e2159,e1162,发生
e2324,e467,超过
e1939,e1914,组织
e579,e2128,发生
e799,e690,保持
e679,e1809,出现
e1971,e1901,发生
e2269,e2016,为
e301,e1901,发生
e1901,e17,造成
e736,e1901,发生
e1869,e1901,有
e1902,e156,造成
e827,e502,至
e1843,e585,配合
e1399,e440,赴
e1879,e1901,发生
e193,e2091,还有
e1859,e499,有
e1387,e1723,超过
e1304,e1468,发生
e301,e1901,导致
e1901,e97,造成
e1901,e596,集中在
e740,e219,部下发
e1305,e1524,拉响
e738,e2304,至
e1591,e1901,发生
e1100,e2272,赴
e990,e1125,为
e827,e316,造成
e1260,e1350,造成
e301,e1901,发生
e1363,e1553,面临
e1748,e1561,关注
e818,e1215,出现
e1816,e1468,正用
e1999,e241,导致
e195,e926,力争
e921,e1284,据
e867,e632,显示
e1748,e1167,举行
e1976,e1350,降
e736,e1350,降
e2106,e2082,加强
e767,e218,提
e2306,e715,预计
e1901,e1901,发生
e751,e1974,离
e1715,e1901,降
e1532,e2075,正在
e1879,e1511,终止
e1304,e732,强调
e2270,e1158,造成
e665,e1901,发生
e1582,e738,出现
e1384,e462,发生
e1593,e187,导致
e718,e1901,导致
e196,e1632,称
e687,e1564,采取
e1100,e989,堆积
e587,e537,执行
e1020,e127,取得
e1816,e1139,执行
e1901,e1208,导致
e1610,e2016,发生
e843,e738,出现
e2356,e1799,出现
e1674,e2016,发生
e1076,e304,显示
e2223,e411,不具备
e87,e1215,出现
e144,e1215,获悉
e1748,e2259,率领
e30,e2000,恢复
e1895,e1036,超过
e981,e1901,发生
e2173,e1504,调派用以
e1064,e2276,发生
e297,e1316,造成
e1971,e1111,发生
e921,e2134,获悉
e1859,e203,率领
e2051,e1167,召开
e736,e1014,有
e1522,e876,进行以
e2324,e1723,发生
e1527,e1960,发生
e736,e2071,预计
e578,e738,显示
e761,e1537,拉响
e800,e2146,导致
e704,e271,赴
e1914,e699,在
e2356,e1901,执行
e634,e1515,造成
e1901,e1947,冲进
e1100,e1901,赴
e2223,e1901,降
e1077,e1166,显示
e608,e1526,采取
e977,e375,力争
e665,e738,经历
e2270,e330,导致
e1052,e775,搜救
e1786,e536,有
e1901,e277,造成
e605,e1803,发生
e209,e1907,得到
e2223,e738,发生
e301,e1619,超过
e921,e1406,冲进
e1879,e1740,加强
e301,e1350,降
e1989,e1901,发生
e2356,e1113,为
e1926,e1901,发生
e1122,e1792,冲进
e816,e1758,发生
e921,e1802,获悉
e1901,e1600,导致
e1350,e1350,造成
e661,e1901,发生
e1116,e2271,导致
e1816,e218,进行以
e2375,e536,降
e736,e738,有
e100,e2037,介绍
e519,e1537,驾驶
e78,e537,需
e1901,e284,造成
e921,e2253,获悉
e285,e1086,表示
e1484,e1901,到
e795,e1907,得到
e242,e671,被淹
e579,e1893,超过
e2306,e1785,加强
e1350,e1103,来自
e583,e1524,发生
e1415,e1260,发生
e2306,e1771,加强
e1082,e1036,控制在
e496,e2128,已知
e301,e1809,出现
e661,e1901,发生
e2306,e203,赴
e1658,e1072,率领
e843,e1524,发生
e1610,e2016,出现
e680,e437,显示
e1142,e1632,预计
e994,e2238,预计
e2223,e1215,有
e908,e1350,导致
e1939,e1215,出现
e1180,e462,出现
e1134,e1066,正在
e1605,e1660,受
e1245,e47,带来
e729,e1635,正在
e2021,e492,出现
e423,e1615,建
e736,e2252,加强
e1598,e2087,造成
e1675,e840,显示
e1196,e744,加大
e1715,e1901,导致
e1549,e1901,有
e1748,e537,调拨
e32,e1151,冲进
e843,e1486,发生
e2324,e120,是
e2092,e609,来自
e1704,e1120,开展
e739,e1960,要求
e2107,e2147,表示
e977,e1466,执行
e1879,e1486,发生
e248,e869,发生
e2154,e1215,袭
e266,e1810,呈
e294,e959,造成
e824,e203,夹杂
e2270,e1350,显示
e918,e1988,是
e2223,e1924,为
e2106,e1901,发生
e1304,e1901,深入
e108,e2380,表示
e1214,e1960,导致
e1939,e1186,有
e1048,e573,暂无
e2382,e1062,赴
e1585,e2259,执行
e460,e185,执行
e2339,e2005,受
e2384,e509,进行以
e100,e1184,认为
e1901,e941,超过
e740,e837,带来
e2103,e1707,介绍
e1591,e2128,发生
e1901,e2032,导致
e795,e20,受到
e1171,e2277,就是
e736,e948,位于
e2223,e2259,开展
e1605,e1149,受
e460,e2346,执行
e1016,e1969,发生
e46,e1901,有
e742,e2259,加大
e930,e1571,进行以
e348,e271,达到
e1652,e849,出现
e1441,e6,受
e562,e1901,发生
e103,e1178,成为
e2106,e2101,认为
e1637,e536,有
e1940,e2331,组织
e1196,e750,624
e301,e1350,出现
e1923,e395,过
e888,e185,执行
e1879,e1524,发生
e188,e178,拉响
e1748,e888,部下发
e1350,e1350,造成
e1101,e1066,带来
e1748,e533,表示
e290,e1901,出现
e2306,e2109,预计
e1901,e1169,淹没在
e1142,e1941,破坏
e2106,e185,执行
e578,e976,显示
e1939,e738,有
e2025,e1632,发生
e967,e2035,发生
e921,e2294,获悉
e2218,e1455,介绍
e1750,e1313,导致
e608,e971,开展
e69,e2082,执行
e643,e1291,显示
e1901,e845,造成
e921,e1625,冲进
e1542,e1901,终止
e1130,e2372,强调
e2306,e1169,建
e1869,e185,执行
e994,e1468,部下发
e1901,e1901,导致
e546,e1642,调拨
e1901,e1898,使得
e196,e914,位于
e2244,e588,有
e1400,e1901,出现
e1837,e1520,灌
e213,e2286,有
e217,e1893,导致
e1859,e203,获悉
e2223,e738,出现
e740,e327,预计
e740,e887,参与
e2098,e1299,进入
e1879,e253,发生
e54,e1397,超过
e2313,e1526,采取
e1243,e1901,发生
e2374,e1590,显示
e1879,e149,发生
e1175,e2071,出现
e1715,e1350,引起
e1663,e1901,发生
e1238,e2140,出现
e1762,e2042,组织
e2223,e1837,有
e1675,e1600,显示
e921,e590,了解到
e301,e1350,到
e994,e1490,部下发
e1610,e1901,发生
e1971,e1901,发生
e648,e2087,环山
e213,e949,发生
e2223,e1901,发生
e1196,e750,481
e190,e1853,调拨
e1816,e2259,召开
e945,e941,冲进
e290,e1901,发生
e1901,e1274,造成
e1605,e1901,发生
e1939,e1896,目前有
e250,e1901,发生
e103,e2167,是
e79,e21,是
e1350,e443,导致
e2145,e1901,发生
e958,e1755,显示
e1552,e233,超过
e301,e1901,发生
e1196,e750,1492
e921,e1383,获悉
e1901,e1734,是
e1748,e696,结合
e2223,e1901,出现
e1400,e1901,发生
e2103,e1090,召开
e1879,e1120,防指
e618,e1901,发生
e2251,e1486,遭到
e1733,e1901,发生
e1100,e218,冲进
e1901,e316,造成
e1048,e989,搬到以
e740,e117,预计
e209,e1261,得到
e1959,e1373,召开
e736,e487,作为
e1591,e1893,袭
e1879,e1524,发生
e2073,e2082,执行
e1610,e1893,发生
e2218,e836,介绍
e2099,e1328,恢复
e1901,e959,造成
e827,e1893,发生
e496,e300,显示
e921,e1085,看到
e726,e1741,决定
e1350,e948,发生
e921,e738,获悉
e765,e1357,调拨
e736,e1906,防指
e1396,e1964,正在
e1999,e1919,为
e301,e1524,发生
e1879,e1901,发生
e1691,e2293,搜救
e661,e1893,发生
e1610,e1893,出现
e1100,e912,面临
e1953,e2134,显示
e1748,e2357,执行
e945,e1249,为
e250,e1215,出现
e806,e1471,表示
e1901,e1957,导致
e1970,e869,发生
e939,e2022,介绍
e1901,e2022,导致
e665,e1350,发生
e2209,e1524,发生
e2363,e1977,伸出
e482,e1015,导致
e1611,e2053,为
e2155,e423,垒
e1926,e509,发生
e1502,e1901,点
e2012,e385,出现
e301,e1314,出现
e337,e1901,导致
e275,e1901,发生
e2223,e1901,导致
e636,e437,显示
e1903,e628,执行
e2223,e841,有
e921,e2143,看到
e2223,e499,加强
e1366,e1350,降
e921,e869,获悉
e2306,e2210,送
e2223,e454,配合
e1470,e1468,部下发
e477,e2087,受到
e945,e1474,出现
e334,e1901,进入
e2374,e245,显示
e917,e184,造成
e2223,e1466,发生
e964,e585,超过
e2282,e1005,冲进
e257,e738,出现
e921,e1716,获悉
e2223,e536,出现
e736,e1215,出现
e1978,e298,参与
e76,e1799,调拨
e2098,e1554,存在
e297,e1126,正在
e843,e738,有
e2223,e1215,配合
e740,e1330,预计
e921,e552,获悉
e1058,e1901,导致
e1790,e1427,为
e1350,e512,导致
e1918,e1357,调拨
e1381,e555,发生
e2315,e326,显示
e2223,e738,出现
e587,e2143,发生
e1999,e17,导致
e1048,e1632,落实
e415,e1758,配合
e954,e1901,发生
e1058,e1901,造成
e1816,e2259,报道
e746,e1701,表示
e1641,e1632,决定
e1542,e738,发生
e1879,e1901,发生
e1637,e1215,出现
e1748,e743,执行
e539,e1901,搜救
e139,e2039,开始
e61,e1350,显示
e1901,e989,造成
e758,e1853,位于
e925,e2345,拿着
e827,e2016,出现
e736,e1901,发生
e2041,e50,导致
e742,e2381,袭
e672,e914,为
e559,e135,袭
e1147,e1253,超过
e2314,e743,执行
e2306,e470,组织
e132,e1901,导致
e2116,e657,称
e118,e959,离
e2170,e989,受到
e2106,e185,执行
e921,e2059,获悉
e496,e1081,为
e1100,e573,距离
e1860,e1771,完成
e2298,e1960,导致
e2106,e1307,加强
e301,e2071,出现
e704,e959,赴
e816,e1901,发生
e1782,e1893,发生
e2056,e536,降
e1350,e1792,致
e740,e219,部下发
e546,e1072,恢复
e67,e1350,有
e294,e1350,导致
e2223,e869,出现
e35,e428,受
e1246,e1357,来自
e921,e2196,获悉
e921,e271,到
e1641,e1090,召开
e362,e25,报道
e1879,e1768,位于
e460,e796,率领
e1901,e2225,导致
e1100,e1914,搜救
e460,e1111,获悉
e740,e219,恢复
e656,e1201,通过
e736,e738,出现
e816,e941,冲进
e739,e185,执行
e1837,e1606,冲进
e1368,e2017,进入
e1939,e948,位于
e2223,e1901,发生
e1235,e530,显示
e1350,e1107,导致
e1502,e1861,参与
e740,e1184,预计
e114,e109,得到
e736,e1901,有
e1856,e585,超过
e2223,e1901,发生
e1851,e2047,战斗在
e1646,e849,出现
e399,e693,发生
e250,e738,出现
e921,e137,获悉
e2211,e989,造成
e1936,e1466,执行
e257,e738,出现
e1610,e1893,发生
e1697,e1443,调拨
e920,e185,执行
e1610,e1385,出现
e921,e2274,获悉
e108,e1185,表示
e1788,e512,出现
e1901,e1350,造成
e1837,e97,致
e1901,e1350,降
e455,e282,称
e1196,e528,超过
e740,e219,升级至
e2306,e855,进入
e542,e1378,预计
e736,e1311,进入
e1502,e1005,赴
e1400,e1901,有
e1134,e1126,位于
e1901,e708,淹没在
e1122,e1792,冲进
e1827,e926,即
e291,e1466,执行
e1696,e1901,发生
e1478,e1359,采取
e1315,e489,介绍
e954,e1901,发生
e2301,e1010,有
e144,e2082,执行
e1895,e2334,配合
e920,e185,执行
e1940,e2259,召开
e294,e1755,加上
e2106,e888,部下发
e935,e828,称
e987,e1126,位于
e1748,e1901,发生
e132,e1901,导致
e750,e1901,发生
e1901,e1919,造成
e843,e923,受
e2227,e109,得到
e1997,e247,发生
e202,e1901,发生
e1134,e2208,超过
e921,e2327,获悉
e2223,e1901,袭
e736,e914,有
e1944,e1107,包括
e1901,e1901,导致
e1077,e1901,显示
e680,e204,预计
e1542,e1901,出现
e335,e1837,赴
e2223,e1960,发生
e994,e499,部下发
e740,e1184,预计
e559,e959,称
e2103,e1466,执行
e1700,e738,出现
e921,e1881,获悉
e267,e23,显示
e1901,e1313,造成
e1700,e642,遭到
e921,e1730,为
e1218,e1755,偏
e1064,e2255,进行
e246,e1742,搜救
e1230,e2053,驻守
e495,e1443,配合
e1402,e2340,需
e2122,e2163,出现
e301,e869,发生
e496,e1554,带来
e786,e1357,调拨
e921,e1583,获悉
e337,e1350,导致
e1816,e1554,表示
e1879,e1901,发生
e1157,e281,有
e1363,e172,加大
e740,e1312,预计
e1748,e164,称
e1914,e744,超过
e81,e1057,有
e846,e367,力争
e625,e2082,执行
e987,e1066,正在
e1715,e1350,出现
e930,e537,进行以
e290,e1901,表示
e2251,e1107,导致
e1997,e1766,主持
e637,e1901,到
e1218,e1799,还是
e2367,e914,位于
e2306,e53,赴
e301,e454,配合
e1350,e1350,导致
e2131,e512,出现
e2177,e264,表示
e169,e1922,参与
e1058,e454,配合
e620,e196,落实
e818,e452,出现
e921,e826,获悉
e1483,e537,调拨
e921,e590,获悉
e2270,e522,造成
e1281,e1074,发生
e921,e1840,受
e647,e2254,难觅
e1501,e1901,发生
e738,e2284,导致
e2106,e743,执行
e433,e1901,发生
e1319,e1194,完成
e1816,e1600,报道
e1901,e1350,导致
e1621,e1901,发生
e2103,e196,部下发
e736,e1901,发生
e1748,e619,调拨
e2223,e1901,有
e825,e2340,被淹
e2223,e1266,造成
e539,e537,调拨
e1058,e2271,导致
e1325,e1066,正在
e1622,e1320,赴
e1607,e2016,出现
e921,e1919,针对
e1901,e17,导致
e2108,e1893,发生
e1816,e1642,调拨
e665,e1901,发生
e1901,e1350,造成
e2106,e1526,采取
e2103,e2212,进行
e1859,e1901,发生
e1142,e2082,执行
e583,e536,有
e1444,e1184,显示
e337,e701,获悉
e920,e185,执行
e1621,e2082,执行
e1872,e2016,有
e352,e948,位于
e1901,e980,造成
e964,e2271,导致
e2136,e1960,发生
e301,e1837,形成
e637,e1201,送
e767,e727,主持
e1477,e1822,导致
e617,e2128,发生
e447,e2043,介绍
e1338,e1901,发生
e827,e492,袭
e1233,e218,进行以
e1409,e1653,进行
e584,e1914,落实
e610,e1152,带来
e597,e738,有
e1281,e2016,发生
e460,e627,执行
e2106,e743,执行
e795,e47,有
e2103,e888,部下发
e592,e1695,捐赠
e1879,e1350,发生
e250,e738,出现
e1421,e941,打通
e301,e1215,出现
e1267,e1797,显示
e1454,e1893,发生
e48,e1960,导致
e977,e185,执行
e2073,e732,要求
e597,e1901,出现
e1748,e1642,调拨
e1098,e1435,受
e1605,e50,造成
e2130,e750,526
e1098,e1169,距离
e1927,e1901,介绍
e768,e1901,发生
e1077,e536,显示
e2289,e1109,是
e331,e940,安置在
e679,e253,出现
e1901,e41,导致
e921,e1111,获悉
e337,e284,造成
e1816,e1042,要求
e2306,e724,率领
e1879,e253,出现
e1879,e1707,决定
e921,e590,获悉
e1115,e2219,造成
e2056,e1820,进入
e301,e869,发生
e1859,e1528,位于
e1206,e1524,出现
e337,e2109,导致
e1901,e1960,导致
e402,e1427,导致
e1914,e408,看到
e1007,e2017,清醒
e1141,e585,有
e1879,e1350,预计
e2223,e1758,有
e235,e2279,称
e301,e1960,发生
e2306,e440,处理
e994,e499,部下发
e1999,e664,出现到
e1605,e869,发生
e560,e1202,发生
e1350,e1880,导致
e301,e2035,出现
e1748,e743,执行
e921,e59,获悉
e301,e738,出现
e1748,e537,调拨
e921,e738,获悉
e1000,e869,发生
e559,e1496,堆积
e1999,e1027,导致
e209,e47,得到
e196,e2369,没有
e994,e1468,部下发
e1169,e1642,被淹
e1901,e128,开展
e2223,e1901,有
e827,e1606,堵住
e2382,e2260,担心
e1938,e2000,恢复
e1304,e1705,强调
e2202,e2276,回落至
e209,e711,趟
e2223,e1901,发生
e2223,e2071,发生
e2223,e738,出现
e1943,e289,造成
e1134,e1126,正在
e1869,e97,481
e1502,e1924,赴
e1290,e1901,有
e2098,e1799,面临
e2223,e1901,发生
e626,e2243,正用
e249,e1072,率领
e1542,e1901,发生
e762,e888,部下发
e301,e1901,发生
e67,e738,袭
e1136,e2324,是
e921,e2133,获悉
e2140,e2213,导致
e1545,e1901,出现
e417,e1901,有
e1901,e316,造成
e339,e849,发生
e1641,e2242,召开
e2041,e1340,造成
e1901,e208,超过
e749,e326,反映
e1244,e2333,组织
e718,e1335,导致
e1497,e1901,发生
e301,e1799,有
e665,e2191,距离
e2363,e1329,居住在
e2011,e2140,发生
e1363,e528,坚持
e965,e1723,发生
e1621,e1901,发生
e749,e1106,召开
e294,e1967,造成
e1999,e2373,为
e2130,e462,受到
e740,e461,预计
e921,e776,获悉
e1128,e1524,发生
e604,e206,率领
e1748,e1632,打通
e2362,e1901,深入
e1238,e1901,出现
e86,e1564,是
e921,e1685,了解到
e1034,e2169,表示
e1931,e1901,发生
e583,e1901,发生
e1657,e2082,执行
e524,e1466,执行
e1748,e1358,显示
e1542,e738,出现
e1879,e253,出现
e930,e271,赶
e1049,e1901,冲进
e475,e1947,搬到以
e546,e147,组织
e1953,e2205,显示
e2122,e127,得到
e1122,e1371,冲进
e1901,e2369,造成
e2223,e536,有
e818,e1524,出现
e167,e738,出现
e736,e2071,降
e1816,e1901,追究
e1591,e70,至
e1077,e1757,显示
e209,e311,安置在
e740,e1960,清醒
e1100,e1606,赴
e1641,e1632,调拨
e1769,e525,显示
e843,e738,出现
e257,e454,出现
e921,e1594,获悉
e921,e892,受
e1748,e200,强调
e755,e390,成为
e1212,e1261,进行
e1548,e1055,称
e680,e2271,显示
e1887,e1379,进行以
e1657,e113,有
e750,e1209,捐赠
e604,e317,集中在
e290,e2113,清醒
e1807,e2360,集中在
e640,e833,称
e1929,e1274,导致
e687,e612,组织
e2073,e349,暂无
e1939,e869,发生
e2223,e852,出现
e820,e1837,发生
e1224,e1901,发生
e2056,e1698,开始
e1418,e185,执行
e431,e1901,发生
e1478,e1466,决定
e209,e1050,赴
e921,e1187,获悉
e999,e1321,降
e921,e1919,了解到
e1995,e109,组织
e553,e2369,造成
e937,e2179,损失
e2106,e390,赴
e638,e237,调拨
e356,e2199,是
e1020,e966,正在
e740,e594,预计
e1350,e1659,导致
e2011,e713,受到
e888,e866,预计
e1918,e1901,终止
e1826,e1847,有
e2216,e1524,受到
e921,e146,了解到
e625,e2259,加强
e301,e462,造成
e921,e554,获悉
e2098,e462,送
e301,e1575,配合
e1591,e1922,发生
e843,e869,发生
e648,e564,面临
e1879,e690,保障
e1621,e1357,组织
e2103,e1191,召开
e1914,e1901,搜救
e731,e162,需要
e1603,e1097,袭
e1497,e1901,发生
e1901,e912,注意
e1901,e1318,为
e1011,e1107,发生
e1549,e1901,发生
e1546,e299,冲进
e1901,e1350,致
e1549,e1893,发生
e163,e1350,发生
e2108,e1893,发生
e1155,e1215,出现
e301,e869,发生
e477,e462,受到
e1939,e1215,出现
e2223,e1524,发生
e1883,e1165,冲进
e1047,e1901,终止
e1020,e1914,搜救
e297,e953,正在
e337,e1901,导致
e1826,e1901,导致
e250,e1723,发生
e964,e2368,造成
e290,e738,发生
e2102,e9,参与
e2364,e2361,发生
e1748,e1318,捐赠
e786,e47,得到
e1816,e869,发生
e297,e622,正在
e272,e1223,造成
e1879,e1524,发生
e1901,e989,造成
e2324,e538,就是
e1901,e1600,导致
e1251,e1215,有
e1901,e1126,在
e921,e1055,获悉
e1901,e1260,导致
e1502,e1901,点
e1363,e2111,加大
e665,e1797,项目办
e958,e622,率领
e301,e536,出现
e1641,e1466,决定
e1887,e1837,进行
e1901,e1699,造成
e1047,e1901,组织
e742,e1107,导致
e1816,e727,召开
e1816,e1466,执行
e1238,e1901,有
e998,e1901,发生
e1273,e1324,居住在
e1497,e1901,出现
e1587,e1023,可达
e1264,e1600,称
e863,e1423,有着
e1901,e300,具有
e1901,e1755,开始
e2015,e137,出现
e2214,e1606,赴
e301,e536,有
e2211,e462,受到
e738,e738,是
e433,e1901,发生
e1748,e537,调拨
e1622,e1901,赴
e232,e1524,不当
e503,e1524,报道
e816,e2082,执行
e1999,e959,位于
e736,e1189,有
e2103,e1707,执行
e740,e1439,预计
e1657,e2252,落实
e815,e1350,发生
e242,e1893,发生
e1901,e1348,导致
e597,e813,率领
e921,e572,获悉
e1724,e47,超过
e1035,e1357,送
e1715,e243,引起
e1267,e509,进行以
e363,e869,发生
e739,e2276,均有
e1296,e1901,赴
e1585,e147,参与
e406,e1893,发生
e1077,e669,显示
e888,e743,执行
e2135,e2027,执行
e1118,e1183,发生
e62,e36,位于
e1076,e489,赴
e2074,e509,是
e308,e2087,带来
e624,e1350,到
e363,e462,出现
e2237,e1901,发生
e2363,e750,961
e1077,e2297,显示
e750,e536,到
e749,e1666,报道
e818,e536,出现
e1621,e1107,发生
e2306,e1321,落实
e1048,e1487,组成
e1869,e1234,除
e1512,e1901,发生
e827,e2112,袭
e363,e869,发生
e1457,e1893,发生
e2218,e1755,进行
e2106,e196,发生
e818,e158,受
e921,e1925,获悉
e679,e536,有
e1651,e1215,有
e2103,e2140,介绍
e363,e1901,发生
e666,e351,驾驶
e1999,e738,为
e665,e1350,有
e1363,e543,恢复
e223,e1893,发生
e843,e738,发生
e1582,e738,出现
e2108,e738,有
e1000,e560,拨付以
e1901,e1066,位于
e945,e56,为
e2103,e1884,恢复
e338,e2121,表示
e1992,e2276,保持
e1872,e1359,加强
e921,e1973,获悉
e346,e1797,组织
e1901,e1126,在
e1516,e585,超过
e1901,e1456,造成
e1304,e888,部下发
e1748,e619,打通
e1549,e1642,调拨
e254,e1901,发生
e2223,e869,发生
e921,e485,了解到
e1135,e836,称
e2306,e1239,组织
e1901,e757,造成
e2251,e2254,至
e2181,e743,执行
e1901,e1828,需
e2291,e441,率领
e139,e2039,清醒
e945,e1961,出现到
e2227,e72,发生
e1605,e1670,受
e902,e906,检查
e620,e2324,带来
e301,e1215,出现
e189,e128,开展
e740,e1255,清醒
e2041,e1103,担心
e1164,e2357,执行
e381,e838,发生
e78,e926,组织
e1591,e2112,袭
e374,e1901,发生
e608,e134,进入
e1542,e536,到
e1621,e536,有
e504,e95,死后留下
e583,e869,发生
e1020,e203,夹杂
e2323,e1032,发生
e1901,e1313,致
e1748,e1763,调拨
e1665,e1347,率领
e740,e1225,清醒
e2056,e1901,发生
e1936,e185,执行
e1901,e719,集中在
e562,e1524,发生
e1901,e502,发生
e1976,e1837,形成
e1309,e1215,出现
e816,e1837,出现
e2223,e1350,到
e2269,e148,出现
e1550,e454,介绍
e291,e1466,执行
e1901,e2150,造成
e1624,e691,保障
e1951,e1088,受
e665,e2044,是
e982,e442,进行
e1879,e770,受
e714,e1901,赴
e242,e185,执行
e1549,e2259,组织
e1325,e1525,超过
e242,e1215,出现
e337,e1960,导致
e2223,e1314,发生
e1582,e148,到
e250,e738,开始
e465,e1901,发生
e1421,e1006,执行
e226,e738,显示
e945,e2359,为
e717,e1901,发生
e1199,e1162,发生
e680,e1656,显示
e1169,e914,位于
e2223,e1107,发生
e637,e602,落实
e2270,e2016,导致
e1034,e1581,强调
e921,e1583,获悉
e2021,e838,出现
e2363,e529,自筹
e1077,e394,显示
e310,e733,有
e977,e185,执行
e1100,e1468,正用
e1238,e1901,发生
e738,e1377,位于
e1901,e2032,导致
e1901,e2060,导致
e2223,e1125,是
e682,e1350,造成
e2106,e1406,提升至
e752,e1901,发生
e1901,e17,导致
e285,e1440,表示
e921,e462,赴
e334,e1914,组织
e1263,e1074,造成
e2227,e1350,到
e921,e1025,了解到
e1879,e1901,发生
e726,e1606,赴
e638,e1835,调拨
e301,e1901,发生
e2363,e1505,吃
e1641,e2259,恢复
e677,e1819,调拨
e1879,e1215,出现
e546,e2333,打通
e902,e1604,强调
e1388,e565,导致
e739,e185,执行
e2223,e536,有
e608,e1148,落实
e736,e862,预计
e729,e914,出现
e1512,e1215,出现
e1492,e296,发生
e1780,e1169,造成
e1045,e1524,发生
e2107,e1907,进行
e2002,e1524,发生
e2189,e2140,发生
e301,e619,自筹
e1879,e1594,袭
e539,e2349,开展
e700,e2140,发生
e557,e456,致
e301,e1162,发生
e98,e1723,超过
e1011,e454,发生
e736,e1901,有
e1762,e2003,进入
e1016,e1464,包括
e1773,e1429,为
e1998,e1893,发生
e1939,e1896,有
e2223,e914,位于
e337,e1350,造成
e2170,e2087,受
e2106,e185,执行
e665,e2162,偏
e1706,e1901,出现
e921,e590,了解到
e795,e47,得到
e1415,e1901,发生
e1586,e1215,出现
e2223,e1129,预计
e1657,e162,抓紧
e291,e1107,部下发
e2322,e811,介绍
e1052,e1427,调拨
e1748,e940,安置在
e1869,e743,执行
e921,e2134,介绍
e125,e314,发生
e600,e1755,就是
e1596,e1901,发生
e921,e1726,了解到
e290,e1129,发生
e2356,e940,预计
e597,e869,发生
e2215,e2004,显示
e2317,e1914,冲进
e1901,e2163,致
e39,e183,多
e1396,e423,打
e729,e1385,受到
e2073,e2357,执行
e1901,e1901,致
e1547,e703,发生
e921,e2239,获悉
e242,e1893,发生
e625,e1225,加强
e1901,e2333,致
e269,e2140,导致
e780,e2071,发生
e1901,e1683,超过
e1610,e2016,发生
e2181,e727,召开
e1264,e861,称
e569,e1117,追究
e1100,e537,运
e370,e845,造成
e883,e1503,是
e981,e537,率领
e496,e1778,是
e2007,e2087,受
e1901,e316,造成
e1350,e989,带来
e1363,e854,落实
e1748,e619,拨付以
e1691,e615,调拨
e1859,e1759,有
e2375,e1107,发生
e1901,e565,致
e1939,e938,部下发
e1999,e1350,造成
e1901,e55,执行
e372,e1468,部下发
e1901,e1901,造成
e1350,e849,淹没在
e2223,e1350,降
e994,e219,部下发
e2106,e1642,组织
e2223,e1575,配合
e297,e1126,位于
e301,e1192,发生
e1058,e1524,发生
e506,e619,拨付以
e604,e744,缺乏
e2313,e738,发生
e921,e2254,检查
e1235,e639,介绍
e827,e1314,有
e1901,e2273,造成
e2185,e1215,出现
e301,e1162,发生
e1901,e1252,带来
e1549,e1901,发生
e767,e218,运
e562,e1901,发生
e1901,e2254,位于
e1134,e1126,在
e1709,e2163,遭到
e736,e1489,预计
e2206,e536,有
e957,e1928,驻守
e2231,e1178,通过
e292,e1901,相比
e1869,e1901,发生
e1552,e1172,达到
e1859,e1107,需
e1400,e1513,落实
e1657,e537,执行
e1263,e2017,运
e973,e1460,部下发
e393,e914,造成
e1058,e1901,造成
e589,e1490,拉响
e1199,e1632,进入
e15,e738,袭
e2223,e2071,为
e1648,e1079,完成
e1748,e1907,开展
e1238,e1524,出现
e1400,e1901,发生
e1096,e1837,发生
e1816,e109,召开
e449,e173,称
e1879,e1837,进入
e2363,e602,捐赠
e1640,e145,选调
e2073,e2217,提
e2312,e1385,发生
e1562,e384,带
e1138,e1950,正值
e1748,e537,配合
e844,e2369,冲进
e816,e1215,发生
e2379,e1867,运
e2085,e1901,发生
e889,e1901,出现
e1422,e1150,呈
e2115,e537,打通
e888,e499,称
e1901,e1464,袭
e1472,e215,显示
e1864,e1922,有
e1502,e1901,赴
e921,e1404,获悉
e1549,e738,出现
e301,e1350,出现到
e1901,e2150,造成
e195,e1901,赴
e1196,e750,526
e110,e1650,深入
e704,e1321,执行
e736,e17,预计
e659,e2087,受到
e1344,e1901,为
e1003,e467,出现
e1293,e1901,发生
e738,e1888,出现到
e827,e2019,赴
e1235,e228,获悉
e129,e379,正用
e157,e1107,部下发
e213,e738,出现
e1161,e1524,发生
e1020,e2042,报道
e646,e2333,组织
e917,e2369,造成
e250,e298,来
e2223,e536,有
e608,e1513,落实
e921,e454,获悉
e1502,e371,赴
e1901,e424,导致
e1115,e1716,导致
e641,e1466,为
e2306,e602,预计
e587,e914,被淹
e597,e1314,出现
e1940,e1120,进行以
e1549,e1106,召开
e2192,e2369,导致
e1901,e959,造成
e392,e2340,需
e2363,e1241,保持
e1901,e316,造成
e1869,e1215,出现
e1272,e832,超过
e736,e1753,位于
e683,e1215,有
e2108,e2361,发生
e1879,e1969,发生
e1236,e1901,发生
e921,e252,据
e1760,e1074,受
e337,e414,恢复
e1856,e1683,为
e2106,e521,提升至
e1939,e692,落实
e921,e148,位于
e921,e1111,获悉
e1868,e458,有
e779,e1901,发生
e297,e1066,位于
e1901,e1022,导致
e2223,e1901,发生
e1901,e2071,到
e177,e1350,降
e2301,e2016,发生
e1879,e1466,执行
e1901,e410,导致
e259,e2082,送
e250,e1901,发生
e1643,e1960,发生
e1169,e1524,发生
e2203,e2253,赴
e1236,e1893,发生
e1582,e148,至
e196,e1535,强调
e213,e295,发生
e843,e1632,发生
e363,e1626,发生
e285,e521,追究
e1793,e2187,是
e2306,e1042,组织
e1978,e499,称
e1901,e17,导致
e1901,e300,有
e1641,e2355,要求
e846,e2275,撑
e2218,e829,显示
e1748,e619,落实
e1350,e2032,导致
e2269,e148,出现
e1729,e537,防指
e921,e1685,获悉
e1901,e2075,正在
e843,e738,发生
e1281,e1619,位于
e955,e1350,面临
e2115,e1792,冲进
e1917,e1524,出现
e795,e2087,受到
e665,e1901,发生
e1901,e2087,产生
e280,e1635,处在
e194,e1785,抗洪
e332,e1513,部署
e1054,e2357,执行
e921,e556,获悉
e62,e2208,捐赠
e301,e1901,出现
e152,e1901,发生
e1350,e1804,导致
e895,e2242,主持
e231,e2341,表示
e1918,e1967,检查
e1724,e1723,在
e921,e1739,获悉
e2375,e1350,降
e1621,e707,位于
e1999,e1817,分布在
e2056,e1632,进入
e891,e273,集中在
e1901,e1889,致
e301,e1901,出现
e822,e1342,致
e1901,e2092,导致
e1748,e1653,要求
e1728,e1619,维持
e257,e738,有
e2214,e1385,受到
e2030,e869,终止
e2223,e536,有
e213,e1901,发生
e2223,e454,有
e2106,e471,率领
e655,e2247,破坏
e2107,e1124,表示
e404,e1350,受
e648,e148,位于
e2173,e1901,发生
e1325,e1295,称
e977,e185,执行
e1657,e2053,抓紧
e1220,e693,冲进
e752,e738,出现
e2306,e537,调拨
e1879,e2082,拨付以
e1999,e1880,导致
e301,e2140,发生
e1687,e1274,导致
e1901,e537,需
e1400,e836,发生
e816,e1215,出现
e539,e1466,执行
e1551,e1901,送
e2218,e446,称
e28,e1901,发生
e2041,e776,造成
e1901,e968,导致
e1859,e869,发生
e1883,e1922,至
e1610,e2016,发生
e1816,e500,部下发
e1857,e1606,冲进
e1543,e1901,发生
e1497,e619,预计
e597,e253,发生
e1135,e1350,送
e195,e2047,赴
e1264,e552,称
e2009,e1247,深入
e1502,e1216,主持
e736,e2080,面临
e921,e437,获悉
e2295,e218,能得到
e62,e16,冲进
e1308,e55,冲进
e1353,e277,有
e562,e1901,袭
e1421,e1799,导致
e1199,e738,发生
e965,e1901,发生
e1901,e1464,有
e921,e888,部下发
e1048,e1318,赴
e736,e1486,发生
e332,e2242,主持
e1901,e814,在
e920,e1642,调拨
e1879,e1901,发生
e704,e2047,深入
e1641,e622,率领
e1787,e1666,显示
e921,e989,带来
e1748,e1139,执行
e1605,e1149,受
e2232,e375,预计
e764,e1799,发生
e624,e1901,第一时间率
e913,e1723,超过
e301,e1524,发生
e1350,e1880,导致
e303,e1723,在
e250,e253,出现
e449,e1712,袭
e297,e1901,检查
e2336,e467,超过
e1068,e1260,造成
e1895,e295,开始
e1999,e1904,集中在
e1901,e2140,致
e604,e1525,超过
e1226,e1653,运用
e2090,e888,部下发
e2106,e1061,采取
e2106,e1120,采取
e1495,e216,表示
e2103,e1893,召开以
e2223,e536,到
e736,e313,打
e1879,e514,发生
e1879,e2259,变成
e921,e770,受
e987,e814,正在
e786,e47,得到
e1672,e1350,显示
e1167,e1901,获悉
e1076,e537,距离
e1879,e245,有
e1436,e838,出现
e301,e1901,出现
e257,e738,出现
e2223,e2071,发生
e736,e1350,造成
e1218,e47,不当
e1196,e1642,被淹
e1058,e1901,导致
e1275,e1744,追究
e2223,e1901,还有
e1901,e47,得到
e873,e1723,超过
e1901,e300,具有
e274,e894,受到
e1350,e1215,是
e2303,e2048,称
e1100,e172,正用
e1610,e2016,发生
e921,e2124,获悉
e496,e516,面临
e921,e615,看到
e77,e2140,发生
e310,e1901,发生
e1609,e745,是
e736,e1901,发生
e1826,e811,容
e13,e298,出现
e679,e452,出现
e1722,e1466,执行
e35,e2369,造成
e1862,e2276,出现
e98,e2112,出现
e648,e1326,导致
e1831,e2254,距离
e1445,e1703,预计
e386,e770,受
e1901,e1066,正在
e921,e2035,获悉
e1681,e1346,位于
e1092,e196,部下发
e332,e727,召开
e1901,e989,造成
e1502,e489,深入
e290,e2005,清醒
e1901,e565,致
e740,e878,加强
e722,e2276,位于
e1981,e1382,不当
e1748,e1359,加强
e1879,e738,出现
e1193,e1121,表示
e1218,e860,来自
e2256,e1401,显示
e1452,e2,就是
e1350,e1901,袭
e1682,e1901,造成
e1901,e1606,超过
e1879,e1901,发生
e857,e858,呈
e197,e941,打通
e1995,e1901,检查
e469,e211,预计
e945,e794,为
e1901,e1901,造成
e816,e1901,发生
e816,e2082,执行
e2223,e1901,发生
e1011,e1149,受
e750,e322,了解到
e1058,e17,导致
e740,e219,部下发
e546,e1755,组织
e420,e1005,建
e843,e738,经历
e816,e1215,发生
e2310,e2075,位于
e921,e238,受
e736,e536,到
e1675,e2151,显示
e126,e1735,要求
e1879,e1350,暂无
e111,e805,选调
e2050,e1026,均有
e1621,e255,受
e1901,e2286,有
e1837,e1389,开始
e2223,e1901,发生
e1999,e1080,为
e857,e2016,发生
e364,e1901,发生
e920,e1466,执行
e1530,e619,拨付以
e921,e728,了解到
e2083,e1066,显示
e736,e2333,无
e2231,e959,赴
e340,e537,执行
e517,e1901,发生
e301,e1162,发生
e1076,e2259,组织
e675,e536,到
e2088,e47,得到
e341,e1350,介绍
e1251,e1901,出现
e2223,e2259,开展
e195,e1201,赴
e890,e1059,造成
e2223,e1215,有
e748,e536,冒
e62,e946,需
e637,e2342,托别
e157,e1901,发生
e383,e1901,发生
e33,e566,超过
e1700,e1901,发生
e2098,e196,发生
e1895,e832,有
e789,e849,冲进
e705,e358,发生
e1110,e2047,赴
e610,e1204,表示
e2223,e2071,发生
e1816,e2027,执行
e1350,e831,导致
e889,e1893,发生
e2223,e2071,达到
e1565,e55,冲进
e1901,e2188,导致
e1837,e759,导致
e827,e738,发生
e2227,e1575,夹杂
e1856,e1683,超过
e1901,e75,造成
e921,e817,了解到
e603,e836,介绍
e1411,e712,致
e1099,e948,赴
e1901,e1898,造成
e468,e1841,有
e1244,e2259,组织
e469,e2152,防指
e2306,e2248,组成
e2190,e2342,破坏
e2223,e1215,有
e1218,e1268,缺乏
e1801,e174,形成
e2025,e2016,发生
e729,e2163,遭到
e1605,e1660,受
e2223,e1350,出现
e466,e2302,介绍
e1549,e1215,发生
e2103,e304,表示
e71,e948,属于
e820,e1901,出现
e2215,e836,显示
e592,e743,执行
e1748,e185,执行
e680,e1656,显示
e2054,e185,执行
e259,e1901,赴
e1901,e1169,堵住
e756,e1901,发生
e2223,e738,出现
e140,e869,是
e2068,e1901,赴
e634,e996,回落至
e1048,e1914,搜救
e921,e253,获悉
e336,e1448,位于
e929,e1901,发生
e820,e1162,发生
e2329,e1131,居住在
e1502,e738,参与
e188,e2224,出现
e1657,e2259,打通
e743,e1072,率领
e1064,e882,出现
e496,e2369,避免
e2291,e488,有
e2306,e1526,采取
e2223,e738,出现
e2356,e1792,堵住
e1210,e1566,来自
e864,e218,进行以
e1807,e1372,为
e1901,e316,造成
e1711,e2104,形成
e1350,e1107,导致
e1870,e738,出现
e337,e243,造成
e496,e1438,落实
e1955,e1901,发生
e1497,e1901,发生
e945,e1683,超过
e945,e2373,为
e466,e573,受
e726,e1466,执行
e2306,e1072,开展
e92,e187,致
e1048,e1755,距离
e2098,e1632,关注
e1816,e1511,执行
e1244,e1162,发生
e889,e1350,降
e1591,e1683,达到
e2285,e1907,完成
e921,e2294,获悉
e503,e770,介绍
e1951,e1837,带来
e2103,e2259,调拨
e1350,e2006,造成
e1350,e1277,造成
e1516,e1137,达到
e1901,e565,致
e1936,e185,执行
e1270,e489,赴
e1458,e1332,预计
e2223,e738,出现
e1004,e2244,表示
e2306,e2220,落实
e1350,e2032,导致
e930,e349,开展
e905,e548,为
e1748,e2082,拨付以
e483,e2365,损失
e921,e537,跟随着
e608,e732,需
e2158,e676,破坏
e1901,e1534,破坏
e1574,e989,发生
e1879,e727,召开
e816,e1901,发生
e740,e2288,预计
e1054,e1152,参与
e888,e1688,执行
e921,e480,受
e280,e849,冲进
e1901,e1901,致
e1812,e462,发生
e1230,e1683,加强
e920,e1688,执行
e118,e1359,预计
e2249,e1900,取得
e503,e2138,预计
e2223,e454,配合
e2316,e841,有
e1836,e429,居住在
e818,e869,发生
e1350,e187,造成
e1580,e498,认为
e1621,e1526,采取
e301,e1215,出现
e2185,e537,预计
e2106,e500,部下发
e736,e1314,有
e736,e1519,出现
e844,e253,发生
e519,e1567,恢复
e472,e2342,冲进
e1418,e1688,执行
e736,e1642,被淹
e1879,e2016,可达
e290,e1901,发生
e655,e869,发生
e1901,e2016,袭
e1914,e1606,冲进
e5,e838,出现
e96,e1362,表示
e1509,e1350,降
e1901,e1350,致
e921,e2254,涂
e1816,e1901,发生
e389,e1433,需
e928,e94,部下发
e843,e1688,执行
e430,e1577,位于
e337,e1059,造成
e231,e537,调拨
e1264,e1014,称
e1760,e1215,发生
e2306,e1455,落实
e670,e537,开展
e535,e1649,赴
e675,e1901,导致
e1058,e1901,导致
e1641,e1466,执行
e340,e2160,位于
e921,e1046,了解到
e2268,e1901,发生
e1360,e2139,拿着
e1054,e324,开始
e337,e300,有
e1801,e314,出现
e1502,e1901,赴
e1350,e1417,导致
e738,e1901,造成
e1276,e122,表示
e1100,e2286,驾驶
e1000,e1901,发生
e1177,e1809,降
e1591,e2143,出现
e921,e1350,了解到
e1100,e120,开始
e2103,e770,介绍
e1434,e849,冲进
e1879,e2366,有
e1093,e536,有
e921,e527,看到
e2056,e1314,出现
e2223,e1350,降
e496,e1107,出现
e1905,e1901,发生
e1502,e2047,赴
e2306,e537,主持
e1355,e1901,发生
e932,e462,出现
e1470,e1620,落实
e513,e1424,发生
e339,e2328,发生
e921,e1830,冲进
e1058,e454,配合
e1297,e869,发生
e1218,e1799,面临
e339,e849,没有
e28,e18,调拨
e2197,e376,显示
e2364,e1162,发生
e945,e1683,达到
e1549,e950,受
e301,e1524,发生
e163,e1824,是
e124,e774,导致
e1777,e948,集中在
e562,e585,堵住
e1508,e536,到
e294,e1357,损失
e2170,e989,受到
e1501,e2035,发生
e188,e1839,失去
e1516,e585,相比
e740,e1350,部下发
e625,e2281,可达
e240,e109,得到
e559,e2100,超过
e1244,e1901,发生
e1501,e2036,是
e2310,e1066,位于
e1212,e2042,组织
e2223,e1083,为
e921,e1590,获悉
e2092,e1642,配合
e1167,e437,显示
e1077,e1656,显示
e1901,e888,来自
e1855,e1256,出现
e1709,e2340,需
e1622,e2354,强调
e2301,e2016,发生
e2306,e615,调拨
e1175,e1901,导致
e1325,e44,显示
e954,e1642,率领
e1879,e253,出现
e1518,e2096,有
e547,e808,保障
e977,e185,执行
e2117,e2027,执行
e294,e365,恢复
e1901,e446,造成
e917,e2055,致
e2181,e1012,组织
e2223,e1524,发生
e1366,e1901,降
e2115,e1606,赴
e919,e1901,发生
e921,e220,赴
e159,e1274,造成
e1901,e1126,在
e337,e784,造成
e738,e1901,出现
e1064,e1524,出现
e1901,e1277,造成
e2223,e1758,配合
e1591,e1893,发生
e648,e660,超过
e1484,e1524,发生
e994,e888,部下发
e3,e1901,发生
e1856,e1178,出现到
e736,e1914,打通
e1748,e1901,赴
e1936,e725,决定
e1664,e2092,安置在
e562,e1901,发生
e1901,e869,造成
e363,e1901,发生
e607,e2276,超过
e1100,e172,正用
e425,e2340,需
e86,e1653,捐赠
e1054,e1901,送
e1975,e978,赴
e261,e218,进行以
e816,e2140,发生
e1546,e1792,冲进
e777,e1901,发生
e1618,e1900,无
e742,e1242,造成
e301,e1350,发生
e1598,e1850,是
e687,e1544,送
e665,e1154,落实
e960,e435,调拨
e1324,e997,是
e1355,e1347,执行
e1095,e1893,发生
e1879,e1288,是
e1145,e218,进行以
e1193,e869,发生
e992,e1459,有
e921,e2134,了解到
e742,e1350,致
e675,e1901,导致
e1816,e23,防指
e1851,e1113,为
e769,e218,为
e921,e1901,获悉
e2103,e1350,发生
e1419,e1510,伸出
e1926,e547,认为
e1748,e2259,加强
e921,e34,获悉
e1901,e1506,造成
e1193,e1466,决定
e665,e783,有
e1901,e2075,在
e2223,e738,发生
e286,e1642,拿着
e1100,e537,率领
e1868,e2368,发生
e1092,e219,部下发
e546,e489,深入
e2073,e1144,要求
e921,e1555,冲进
e736,e1901,发生
e1497,e536,有
e1901,e1901,导致
e786,e1907,得到
e1901,e948,袭
e7,e1416,有
e2090,e295,报道
e1901,e1467,造成
e945,e1676,出现
e2098,e127,取得
e301,e738,出现
e1048,e836,介绍
e1749,e1215,出现
e234,e174,抗洪
e736,e738,有
e618,e219,部下发
e1375,e1723,超过
e1350,e187,导致
e1878,e1326,位于
e1879,e2087,发生
e301,e1967,完成
e1400,e1080,出现
e261,e1367,强调
e418,e476,造成
e921,e326,获悉
e1901,e914,导致
e301,e1901,发生
e1478,e1466,决定
e2240,e160,存在
e629,e914,恢复
e1731,e1893,发生
e618,e1066,检查
e1053,e1901,有
e301,e1162,发生
e1156,e147,组成
e977,e1688,执行
e62,e128,开展
e1783,e738,出现
e921,e1442,看到
e921,e575,了解到
e12,e357,显示
e294,e1765,导致
e2223,e454,配合
e1100,e147,率领
e1592,e1901,发生
e1549,e907,属于
e2316,e1256,发生
e2018,e536,有
e608,e1578,加大
e1976,e2369,造成
e921,e1590,获悉
e921,e770,了解到
e736,e105,造成
e769,e1914,搜救
e1879,e219,部下发
e301,e851,有
e2223,e1350,发生
e921,e322,获悉
e1738,e41,导致
e568,e1406,提升至
e1895,e1036,超过
e659,e162,需
e736,e738,出现
e1502,e1005,赴
e2120,e509,进行以
e921,e1507,获悉
e1715,e1575,显示
e1293,e1901,发生
e921,e326,获悉
e1517,e1875,赴
e738,e2271,导致
e843,e1215,出现
e2223,e1311,进入
e1748,e962,进行
e3,e590,介绍
e1667,e1036,出现
e301,e2035,出现
e1134,e750,超过
e1100,e203,夹杂
e2106,e869,针对
e1901,e0,造成
e740,e219,部下发
e694,e1055,报道
e2296,e1524,受
e1476,e1499,实现
e2098,e295,表示
e1748,e1139,执行
e1200,e442,终止
e250,e1901,有
e2203,e271,赴
e1591,e1893,发生
e250,e1901,发生
e1477,e838,出现
e121,e14,表示
e881,e869,导致
e1747,e1893,发生
e1222,e1056,造成
e1832,e2193,致
e1901,e784,致
e924,e2276,发生
e1879,e37,发生
e921,e1027,了解到
e1058,e1746,造成
e1895,e734,出现
e315,e1215,发生
e1939,e1659,执行
e921,e1408,看到
e994,e1468,部下发
e1724,e295,偏
e816,e2092,主持
e1304,e1468,部下发
e930,e1554,面临
e815,e660,有
e559,e165,冲进
e290,e1901,出现
e1400,e1901,发生
e736,e738,出现
e1264,e552,介绍
e2263,e1524,发生
e274,e2342,冲进
e637,e2053,为
e1588,e1282,受
e1751,e888,带来
e108,e1350,有
e382,e489,冲进
e1825,e2195,出现
e740,e1425,称
e1901,e1977,造成
e126,e218,进行以
e1939,e1526,采取
e1350,e642,导致
e1134,e2208,过
e1901,e1313,造成
e738,e1005,位于
e2306,e1301,存在
e2287,e2229,吃
e1901,e347,导致
e2306,e2259,开展
e1199,e1486,发生
e1605,e2087,受
e1901,e300,显示
e1665,e1160,介绍
e1939,e260,组织
e2098,e2194,摆
e1058,e1612,导致
e2306,e888,正在进行
e843,e1901,发生
e889,e1653,捐赠
e323,e785,造成
e579,e492,出现
e2170,e2019,赴
e2103,e888,部下发
e921,e1111,了解到
e2363,e1901,防止
e921,e1590,获悉
e2056,e1901,发生
e2130,e1430,预计
e2079,e1901,发生
e736,e1560,完成
e1879,e1901,发生
e688,e1179,至
e2029,e1350,普降大到
e274,e1554,面临
e1770,e1901,发生
e1995,e1066,续报
e1637,e1107,发生
e1748,e147,打通
e24,e1947,到
e2122,e870,缺乏
e583,e1901,发生
e108,e1901,发生
e1363,e2355,落实
e301,e1486,发生
e294,e1960,导致
e739,e1342,致
e1879,e869,发生
e107,e537,率领
e337,e1901,导致
e1206,e1837,开始
e1475,e1260,导致
e1203,e207,显示
e738,e1314,是
e843,e738,发生
e1350,e354,不排除
e921,e2160,了解到
e1363,e1632,进行
e1901,e1242,致
e1100,e1357,搜救
e1315,e1761,于
e1901,e14,是
e506,e136,拨付以
e189,e738,有
e2235,e1632,视察
e2223,e1350,普降大到
e1568,e1755,组织
e2063,e537,调拨
e562,e320,跟随着
e742,e2311,致
e496,e515,出现到
e1095,e856,终止
e130,e1036,增加至
e1879,e885,抓紧
e1280,e148,位于
e736,e738,出现
e294,e316,造成
e810,e1107,发生
e1585,e1462,终止
e1244,e1139,执行
e1901,e915,致
e315,e1215,出现
e1419,e2349,落实
e675,e2224,导致
e921,e50,获悉
e1549,e2014,成为
e69,e1342,建
e256,e1901,发生
e214,e1901,降
e1552,e1025,距离
e397,e109,进行
e920,e2027,执行
e608,e2259,进行
e2223,e1350,降
e1009,e1901,发生
e1748,e743,执行
e1018,e467,达到
e1748,e1642,调拨
e1100,e550,进入
e1901,e1208,造成
e433,e1901,发生
e815,e738,发生
e1879,e1260,发生
e1859,e869,发生
e1304,e1473,要求
e1691,e684,关注
e954,e2082,执行
e1054,e1901,赴
e400,e1571,进行
e1400,e869,发生
e921,e1805,获悉
e236,e1886,位于
e86,e1433,需
e679,e1215,出现
e583,e869,发生
e1901,e1268,造成
e5,e642,发生
e545,e1350,到
e736,e1350,预计
e736,e1893,发生
e425,e2340,需
e1024,e2259,开展
e286,e615,拿着
e1709,e1901,发生
e921,e1062,看到
e1363,e805,为
e401,e2200,显示
e378,e1683,超过
e1549,e1795,是
e1665,e2258,召开
e1497,e738,有
e250,e1901,发生
e2098,e948,是
e921,e1755,获悉
e1748,e619,拨付以
e988,e602,保障
e599,e313,有
e2089,e536,有
e2106,e1688,执行
e665,e1350,有
e2363,e1202,落实
e921,e1811,获悉
e1542,e1901,发生
e1938,e690,开始
e624,e1901,发生
e930,e1376,抓紧
e816,e738,发生
e290,e738,有
e2028,e1197,出现
e636,e1107,称
e484,e1602,成为
e496,e606,为
e1196,e1776,达到
e1254,e1350,出现
e301,e1260,发生
e921,e772,了解到
e1070,e1723,超过
e301,e1350,发生
e1879,e1524,发生
e726,e147,进行
e1748,e2267,配合
e930,e2293,主持
e1946,e1306,报道
e1641,e888,发生
e2072,e1901,发生
e1549,e1901,出现
e294,e462,恢复
e1355,e1486,发生
e328,e219,部下发
e2098,e1466,执行
e827,e738,发生
e1901,e454,配合
e1138,e29,位于
e1531,e1139,执行
e2106,e185,执行
e2090,e558,报道
e301,e454,发生
e1901,e1616,造成
e231,e288,举行
e2119,e1350,发生
e1350,e1965,导致
e195,e1901,赴
e736,e1107,有
e2203,e1632,抓紧
e2227,e1702,来自
e494,e1350,帮助
e879,e2071,出现
e353,e201,位于
e1310,e1694,需要
e168,e47,得到
e636,e567,称
e2324,e948,集中在
e2233,e1524,发生
e1009,e2123,不排除
e139,e222,安置在
e1901,e580,进入
e294,e1606,形成
e1446,e1901,出现
e981,e1901,发生
e798,e869,发生
e2310,e1126,位于
e1000,e2035,出现
e1610,e2366,有
e827,e2016,出现
e2070,e619,拨付以
e276,e959,超过
e301,e1901,发生
e738,e359,偏
e65,e940,暂无
e625,e1215,发生
e1244,e1104,送
e921,e556,获悉
e888,e1688,恢复
e1073,e738,出现
e1901,e1901,导致
e1690,e849,打通
e1350,e1350,引起
e355,e1901,发生
e426,e1215,出现
e621,e995,为
e1115,e1901,导致
e484,e2016,发生
e763,e474,显示
e921,e861,获悉
e1748,e1688,执行
e991,e462,受到
e921,e59,获悉
e2223,e1901,发生
e2377,e1792,得
e577,e1901,发生
e1366,e1350,降
e2144,e2191,赴
e1413,e1466,执行
e634,e1540,致
e1077,e1001,显示
e1193,e448,要求
e1597,e384,带
e597,e1486,发生
e133,e2262,显示
e893,e1914,受
e2356,e1466,执行
e2106,e1466,执行
e736,e593,调拨
e389,e2340,需
e1400,e1901,发生
e736,e1837,形成
e2056,e1901,发生
e2148,e989,出现
e1748,e375,拨付以
e1095,e888,部下发
e1278,e1417,发生
e68,e319,是
e638,e1901,发生
e104,e1005,赴
e1073,e1494,发生
e945,e851,达到
e1901,e316,造成
e67,e738,出现
e1914,e668,为
e167,e1107,发生
e1690,e528,落实
e1948,e1584,矗立在
e1407,e1853,开展
e655,e1901,发生
e1901,e1627,造成
e921,e673,看到
e2305,e1357,组织
e51,e537,进行以
e965,e841,有
e2223,e1575,配合
e1610,e1314,出现
e338,e29,显示
e687,e155,落实
e843,e1350,发生
e2106,e1688,执行
e704,e732,要求
e994,e1594,称
e1655,e489,运
e2056,e1524,有
e3,e537,执行
e2306,e1006,调派用以
e484,e2086,达到
e843,e1162,发生
e1115,e2294,造成
e2018,e1321,落实
e2198,e858,呈
e1478,e1671,调拨
e2292,e148,位于
e433,e2093,搜救
e1816,e1901,发生
e196,e1559,显示
e2270,e1901,导致
e1657,e366,暂无
e404,e1901,发生
e285,e1189,表示
e2353,e690,需
e1812,e1901,发生
e337,e1901,致
e378,e1901,导致
e1901,e17,导致
e83,e2272,没了
e301,e738,出现
e2061,e2082,送
e1269,e1494,发生
e294,e2238,袭
e736,e1014,有
e1350,e359,发生
e957,e2247,存在
e1905,e1901,发生
e740,e540,能得到
e526,e1653,冲进
e1901,e1350,致
e2076,e959,赴
e1030,e536,有
e1816,e738,出现
e67,e1215,出现
e378,e2271,造成
e1665,e1805,介绍
e1339,e64,没了
e2076,e1911,经历
e1563,e360,偏
e301,e454,配合
e438,e1901,发生
e1199,e738,发生
e1605,e888,部下发
e2218,e2087,驻守
e740,e499,部下发
e1211,e1901,赴
e1901,e2273,致
e921,e1834,获悉
e636,e89,称
e348,e2042,配合
e736,e536,有
e1901,e1967,造成
e1610,e1893,发生
e2026,e1880,导致
e451,e2370,导致
e738,e1901,出现
e450,e1698,显示
e1169,e2069,均有
e40,e2019,进入
e297,e2075,位于
e1134,e1302,超过
e301,e1901,出现
e921,e1919,获悉
e1238,e1350,发生
e749,e185,执行
e1901,e2163,造成
e2106,e1688,执行
e1901,e1560,抗洪
e1901,e1268,造成
e738,e427,维持在
e921,e1108,了解到
e2375,e1240,裹
e921,e1914,获悉
e301,e1215,出现
e2107,e1159,位于
e847,e1882,获悉
e1549,e989,组织
e1901,e1952,开展
e1748,e1534,介绍
e597,e738,出现
e782,e1901,发生
e539,e537,带来
e888,e1683,显示
e930,e1357,调拨
e2306,e2082,加大
e1901,e414,恢复
e909,e1357,搜救
e2198,e1893,出现
e1879,e2071,发生
e1784,e1465,防指
e1350,e565,造成
e1901,e283,导致
e2306,e986,落实
e905,e298,来自
e921,e1213,获悉
e2291,e185,执行
e153,e2286,组织
e782,e1901,出现
e2223,e1350,有
e1901,e878,致
e1363,e333,防止
e779,e1901,发生
e740,e270,称
e1177,e1901,发生
e1901,e305,导致
e1563,e1406,增加至
e62,e349,超过
e888,e387,介绍
e2056,e1350,有
e1325,e1111,显示
e601,e1901,发生
e921,e514,获悉
e2350,e1901,发生
e1542,e1901,导致
e736,e738,出现
e1999,e2156,呈
e913,e1125,打通
e2257,e1350,防指
e598,e1037,参与
e803,e1162,发生
e2098,e1299,位于
e1310,e2369,送
e921,e590,获悉
e921,e1227,获悉
e738,e586,开始
e893,e192,降
e1901,e2095,导致
e1914,e307,分布在
e248,e1350,受
e115,e685,要求
e1598,e2049,主持
e964,e1683,堵住
e963,e2186,显示
e546,e2042,组织
e92,e1919,造成
e740,e1519,预计
e1921,e1723,驻守
e1879,e1486,发生
e1665,e196,下
e736,e1350,有
e1502,e1005,赴
e363,e1350,发生
e740,e738,介绍
e921,e459,发生
e2223,e1901,有
e1100,e537,进行以
e816,e1089,到
e1901,e2286,下
e1748,e2142,组织
e1638,e436,预计
e1901,e549,造成
e921,e1600,获悉
e2073,e1741,恢复
e1407,e380,赴
e1901,e1806,造成
e1607,e1901,发生
e2236,e1143,冲进
e1605,e1727,受
e921,e1312,获悉
e591,e1839,出槽
e801,e1744,介绍
e301,e1350,普降大到
e1199,e183,多
e1879,e869,发生
e921,e1572,获悉
e718,e1350,造成
e1157,e690,有
e2223,e1350,发生
e363,e1901,发生
e675,e1758,调拨
e921,e63,了解到
e1599,e2318,表示
e290,e2013,关注
e1608,e219,拉响
e2332,e2024,就是
e293,e239,部下发
e921,e1979,得到
e1641,e1466,决定
e396,e989,增加至
e1324,e1215,出现
e496,e1601,为
e1849,e1901,均有
e1901,e73,造成
e921,e1901,赴
e262,e2265,超过
e663,e368,受
e2223,e738,出现
e1901,e1821,集中在
e985,e1901,导致
e420,e459,受
e2223,e1481,是
e350,e1361,开始
e1777,e302,超过
e2374,e1392,称
e754,e489,深入
e2306,e537,执行
e563,e671,被淹
e1901,e1901,导致
e1879,e2082,发生
e2363,e2087,受到
e332,e2242,召开
e2227,e1799,出现
e2278,e47,进行
e2056,e2032,造成
e2306,e2082,完善
e2106,e1406,提升至
e1901,e1753,致
e736,e738,出现
e736,e1107,发生
e1289,e1901,发生
e2319,e585,为
e608,e942,调拨
e2174,e1721,有
e1901,e2092,开展
e1748,e1038,位于
e964,e832,达到
e921,e322,获悉
e68,e802,是
e1077,e866,表明
e1457,e1962,发生
e1161,e1350,发生
e1272,e989,造成
e62,e537,带来
e921,e1350,获悉
e994,e219,部下发
e1879,e894,保持
e830,e1350,出现
e400,e1901,受
e1901,e1006,致
e964,e2300,造成
e1748,e1642,调拨
e921,e565,获悉
e930,e203,夹杂
e1591,e1893,出现
e686,e1669,表示
e496,e2228,集中在
e1161,e1162,发生
e1119,e2204,相比
e1879,e1837,严重
e1879,e1901,受到
e2363,e412,显示
e301,e454,发生
e1153,e1680,导致
e444,e1901,发生
e144,e1120,打通
e721,e1334,进入
e1901,e135,包括
e2218,e1890,表示
e231,e914,称
e1708,e738,出现
e613,e1901,调拨
e1644,e1239,率领
e1400,e738,出现
e1498,e738,出现
e1522,e612,进行
e496,e2371,出现到
e28,e1215,出现
e301,e1215,有
e1224,e1901,发生
e740,e554,预计
e2223,e454,配合
e1220,e1190,发生
e591,e2016,发生
e363,e1901,发生
e807,e2082,执行
e1999,e1901,为
e257,e869,出现
e1428,e160,恢复
e921,e1963,获悉
e1020,e550,距离
e1529,e1901,发生
e58,e2201,盘踞在
e816,e1901,发生
e1502,e1901,检查
e1363,e854,落实
e1542,e1818,发生
e188,e744,捐赠
e1955,e196,距离
e1363,e1125,打通
e2223,e738,发生
e1610,e1723,驻守
e736,e1934,有
e1829,e783,介绍
e1879,e536,到
e740,e2352,表示
e1916,e1901,发生
e930,e1606,冲进
e1394,e2140,发生
e1937,e953,位于
e736,e869,发生
e1502,e317,赴
e2306,e2131,预计
e2106,e1688,执行
e1008,e2286,有
e1901,e2075,位于
e736,e1487,建
e108,e1677,报道
e1048,e2020,忙
e1549,e537,配合
e736,e1277,有
e2105,e1215,发生
e409,e1480,面临
e1591,e1901,发生
e1641,e1466,执行
e1681,e1466,执行
e559,e2369,导致
e1901,e1111,造成
e2223,e462,出现
e301,e1162,发生
e1497,e1901,发生
e1450,e70,至
e91,e1107,部下发
e1748,e1139,执行
e1813,e1901,发生
e850,e1524,发生
e1045,e1723,超过
e2223,e738,出现
e2040,e585,发生
e1914,e595,进入
e2046,e1901,发生
e822,e1350,发生
e179,e2128,导致
e1153,e1901,导致
e1304,e1466,执行
e301,e615,驻守
e1077,e113,显示
e613,e1350,有
e2231,e497,通过
e910,e1575,发生
e1901,e1350,造成
e2157,e1063,显示
e1000,e2259,恢复
e2363,e528,正在
e2367,e989,发生
e195,e888,部下发
e583,e1215,出现
e562,e1901,发生
e1901,e959,造成
e1838,e148,袭
e1879,e841,出现
e921,e2126,获悉
e287,e1901,发生
e1901,e828,造成
e2077,e585,发生
e2062,e2259,召开
e1713,e888,部下发
e2223,e1901,发生
e909,e1632,调拨
e1134,e2208,超过
e1767,e1417,出现
e1901,e1195,造成
e99,e19,通过
e1856,e813,是
e1400,e1901,发生
e1939,e414,有
e506,e915,称
e2227,e697,造成
e1901,e1277,造成
e1901,e2075,在
e888,e540,称
e1304,e725,决定
e921,e1111,获悉
e1095,e196,部下发
e746,e2259,开展
e562,e1901,发生
e1304,e2027,执行
e1816,e738,出现
e1599,e166,显示
e1780,e989,带来
e2218,e531,称
e921,e1284,根据
e816,e738,出现
e301,e1313,被淹
e62,e1343,盼
e1598,e537,进行以
e921,e282,获悉
e886,e2309,有利于
e921,e1901,了解到
e1748,e706,显示
e1748,e1466,执行
e186,e1920,介绍
e1207,e1692,挨
e1859,e1038,位于
e213,e1901,出现
e1350,e719,集中在
e2310,e1066,在
e484,e676,无
e678,e1437,受
e1852,e536,有
e294,e17,导致
e294,e2067,发生
e1901,e1901,导致
e2106,e2346,执行
e180,e1746,介绍
e2223,e1901,有
e753,e489,是
e1280,e1485,赴
e1939,e737,防指
e2181,e185,执行
e96,e552,介绍
e597,e1524,发生
e816,e499,出现
e1901,e497,冲进
e2227,e1901,导致
e842,e1723,远低于
e1901,e1901,致
e1816,e1556,决定
e1901,e1163,造成
e1628,e43,也是
e2306,e2166,带来
e1591,e1901,发生
e1641,e196,发生
e1588,e2357,为
e1591,e70,至
e723,e1837,发生
e2092,e1021,有
e2344,e2381,在
e1260,e1853,冲
e1341,e959,赴
e2306,e1357,被淹
e1152,e1901,搜救
e2106,e1688,执行
e583,e1901,发生
e1054,e1005,运
e242,e565,543
e611,e1579,发生
e1748,e1005,赴
e2103,e2082,执行
e1621,e1758,发生
e1651,e1901,出现
e645,e423,为
e1901,e2271,造成
e179,e1268,造成
e2110,e2047,上
e2106,e622,率领
e994,e219,部下发
e1244,e619,拨付以
e1745,e1737,造成
e2073,e1677,自筹
e1136,e1342,造成
e62,e839,需
e930,e2286,正用
e787,e462,造成
e484,e849,没有
e767,e218,进行以
e176,e1962,发生
e1641,e2053,坚持
e730,e509,进行以
e736,e1453,拨付以
e42,e191,表示
e848,e536,降
e2306,e147,进行
e2001,e2156,呈
e636,e1215,称
e1901,e2016,造成
e1901,e17,导致
e179,e1960,导致
e921,e1666,获悉
e1629,e690,有利于
e944,e1901,发生
e1700,e1901,出现
e1119,e1723,在
e1091,e411,组织
e921,e151,获悉
e1816,e390,率领
e921,e897,了解到
e1668,e1215,出现
e2337,e1893,发生
e1265,e989,称
e1048,e120,照顾
e591,e1021,均有
e927,e561,均有
e2223,e2369,发生
e752,e738,出现
e587,e904,驾驶
e1901,e1031,造成
e2073,e271,赴
